-- phpMyAdmin SQL Dump
-- version 5.2.1
-- https://www.phpmyadmin.net/
--
-- Host: localhost:3306
-- Generation Time: Jul 24, 2024 at 01:09 PM
-- Server version: 8.0.30
-- PHP Version: 8.1.10

SET SQL_MODE = "NO_AUTO_VALUE_ON_ZERO";
START TRANSACTION;
SET time_zone = "+00:00";


/*!40101 SET @OLD_CHARACTER_SET_CLIENT=@@CHARACTER_SET_CLIENT */;
/*!40101 SET @OLD_CHARACTER_SET_RESULTS=@@CHARACTER_SET_RESULTS */;
/*!40101 SET @OLD_COLLATION_CONNECTION=@@COLLATION_CONNECTION */;
/*!40101 SET NAMES utf8mb4 */;

--
-- Database: `judging_system_database`
--

-- --------------------------------------------------------

--
-- Table structure for table `add_contestant`
--

CREATE TABLE `add_contestant` (
  `contestant_id` int NOT NULL,
  `contestant_fullname` varchar(100) NOT NULL,
  `contestant_no` text NOT NULL,
  `contestant_address` text NOT NULL,
  `archived` tinyint NOT NULL DEFAULT '0'
) ENGINE=InnoDB DEFAULT CHARSET=utf8mb4 COLLATE=utf8mb4_0900_ai_ci;

--
-- Dumping data for table `add_contestant`
--

INSERT INTO `add_contestant` (`contestant_id`, `contestant_fullname`, `contestant_no`, `contestant_address`, `archived`) VALUES
(1, 'John Jasper Gatila', '01', 'Nahulid Libagon Southern Leyte', 1),
(2, 'Saint Ashley Gatila', '04', 'Nahulid Libagon Southern Leyte', 0),
(3, 'Allysa Remy Gatila', '03', 'Nahulid Libagon Southern Leyte', 0),
(4, 'Isiah Jhelo Gatila', '04', 'Nahulid Libagon Southern Leyte', 0),
(5, 'Dodoy Sumacot', '05', 'Sogod Southern Leyte', 0),
(6, 'John Jasper Gatila', '01', 'Nahulid Libagon Southern Leyte', 1),
(7, 'Jimjim Mangutara', '1', 'Malitbog Southern Leyte', 1),
(8, 'John will yano vasoka', '12', 'Yutong metro shuttle', 1),
(9, 'Tanjiro kamado', '3', 'Poblacion bontoc ', 0);

-- --------------------------------------------------------

--
-- Table structure for table `add_criteria`
--

CREATE TABLE `add_criteria` (
  `criteria_id` int NOT NULL,
  `event_id` int NOT NULL,
  `criteria_1_name` varchar(255) DEFAULT NULL,
  `criteria_1_value` int DEFAULT NULL,
  `criteria_2_name` varchar(255) DEFAULT NULL,
  `criteria_2_value` int DEFAULT NULL,
  `criteria_3_name` varchar(255) DEFAULT NULL,
  `criteria_3_value` int DEFAULT NULL,
  `criteria_4_name` varchar(255) DEFAULT NULL,
  `criteria_4_value` int DEFAULT NULL,
  `total` int DEFAULT '100',
  `category_id` int DEFAULT NULL
) ENGINE=InnoDB DEFAULT CHARSET=utf8mb4 COLLATE=utf8mb4_0900_ai_ci;

--
-- Dumping data for table `add_criteria`
--

INSERT INTO `add_criteria` (`criteria_id`, `event_id`, `criteria_1_name`, `criteria_1_value`, `criteria_2_name`, `criteria_2_value`, `criteria_3_name`, `criteria_3_value`, `criteria_4_name`, `criteria_4_value`, `total`, `category_id`) VALUES
(16, 7, 'Facial Recognition', 25, 'Performance', 25, 'Audience Impact', 25, 'Overall Impression', 25, 100, NULL),
(21, 12, '100%', 100, NULL, NULL, NULL, NULL, NULL, NULL, 100, NULL),
(22, 7, 'Facial Impression', 50, 'hahahah', 50, NULL, NULL, NULL, NULL, 100, NULL),
(23, 9, 'gg', 100, NULL, NULL, NULL, NULL, NULL, NULL, 100, NULL),
(24, 7, 'performance', 100, NULL, NULL, NULL, NULL, NULL, NULL, 100, 1),
(28, 8, 'performance', 50, 'creativity', 50, NULL, NULL, NULL, NULL, 100, 8),
(29, 7, 'performance', 100, NULL, NULL, NULL, NULL, NULL, NULL, 100, 2),
(30, 7, 'performance', 50, 'creativity', 50, NULL, NULL, NULL, NULL, 100, 1),
(31, 7, 'performance', 50, 'creativity', 50, NULL, NULL, NULL, NULL, 100, 1),
(32, 7, 'performance', 50, 'creativity', 50, NULL, NULL, NULL, NULL, 100, 1),
(33, 7, 'performance', 50, 'asd', 50, NULL, NULL, NULL, NULL, 100, 1),
(34, 7, 'performance', 50, 'creativity', 50, NULL, NULL, NULL, NULL, 100, 1),
(35, 7, 'performance', 50, 'creativity', 50, NULL, NULL, NULL, NULL, 100, 1),
(36, 7, 'performance', 50, 'creativity', 50, NULL, NULL, NULL, NULL, 100, 10),
(37, 7, 'performance', 50, 'creativity', 20, 'dsa', 30, NULL, NULL, 100, 17);

-- --------------------------------------------------------

--
-- Table structure for table `add_events`
--

CREATE TABLE `add_events` (
  `event_id` int NOT NULL,
  `event_name` varchar(255) NOT NULL,
  `school_year` varchar(9) NOT NULL,
  `date_start` date NOT NULL,
  `date_end` date NOT NULL,
  `venue` text NOT NULL,
  `time_start` time NOT NULL,
  `end_time` time NOT NULL,
  `status` varchar(100) CHARACTER SET utf8mb4 COLLATE utf8mb4_0900_ai_ci NOT NULL DEFAULT 'not finished'
) ENGINE=InnoDB DEFAULT CHARSET=utf8mb4 COLLATE=utf8mb4_0900_ai_ci;

--
-- Dumping data for table `add_events`
--

INSERT INTO `add_events` (`event_id`, `event_name`, `school_year`, `date_start`, `date_end`, `venue`, `time_start`, `end_time`, `status`) VALUES
(7, 'pageant', '2024-2025', '2024-07-03', '2024-07-04', 'SLSU BC GYM', '19:00:00', '23:00:00', 'finished'),
(8, 'Dance Contest', '2024-2025', '2024-07-04', '2024-07-05', 'SLSU BC GYM', '08:00:00', '10:00:00', 'not finished'),
(9, 'Vocal Solo', '2024-2025', '2024-07-04', '2024-07-04', 'SLSU BC GYM', '07:00:00', '11:00:00', 'not finished'),
(10, 'pageant', '2024-2025', '2024-07-04', '2024-07-11', 'MPC', '09:15:00', '21:15:00', 'not finished'),
(11, 'Bday', '09-12-12', '2024-07-04', '2024-07-04', 'Shut up', '14:25:00', '15:25:00', 'not finished'),
(12, 'Fightiny', '7-16-2024', '2024-07-10', '2024-07-16', 'Keep fighting ', '17:00:00', '00:00:00', 'Coming'),
(13, 'Tengen vs gyutaro', '2024-2025', '2024-07-17', '2024-07-31', 'Entrainment district ', '12:00:00', '12:30:00', 'not finished'),
(14, 'BITS MLBB TOURNAMENT', '2023-2024', '2024-07-04', '2024-07-11', 'CompLab2', '06:00:00', '18:00:00', 'not finished');

-- --------------------------------------------------------

--
-- Table structure for table `add_guest`
--

CREATE TABLE `add_guest` (
  `guest_id` int NOT NULL,
  `username` varchar(255) NOT NULL,
  `email` varchar(255) NOT NULL,
  `password` varchar(255) NOT NULL
) ENGINE=InnoDB DEFAULT CHARSET=utf8mb4 COLLATE=utf8mb4_0900_ai_ci;

--
-- Dumping data for table `add_guest`
--

INSERT INTO `add_guest` (`guest_id`, `username`, `email`, `password`) VALUES
(1, 'Jaspergatilaph', 'johnjaspergatila@yahoo.com', 'jasper22');

-- --------------------------------------------------------

--
-- Table structure for table `add_judges`
--

CREATE TABLE `add_judges` (
  `judges_id` int NOT NULL,
  `fullname` varchar(100) NOT NULL,
  `judges` varchar(100) NOT NULL,
  `email` varchar(100) NOT NULL,
  `phone` varchar(20) NOT NULL
) ENGINE=InnoDB DEFAULT CHARSET=utf8mb4 COLLATE=utf8mb4_0900_ai_ci;

--
-- Dumping data for table `add_judges`
--

INSERT INTO `add_judges` (`judges_id`, `fullname`, `judges`, `email`, `phone`) VALUES
(3, 'John Jasper Pelias Gatila', 'Judges 5', 'johnjaspergatila@yahoo.com', '9164277903'),
(4, 'John Micheal Monteza', 'Judges 2', 'hunnybeegatila1@gmail.com', '9764278762'),
(5, 'Cristian Keneth Costorio', 'Judges 3', 'jezrel@gmail.com', '9764278762'),
(6, 'John Jasper Pelias Gatila', 'Judges 3', 'johnjaspergatila@yahoo.com', '9164277903'),
(7, 'Dodoy Sumacot', 'Judge No.5', 'Jasper22@gmail.com', '0921111211'),
(8, 'Jamail Mangutara', 'Judge no.6', 'sample@gmail.com', '09878787878'),
(9, 'Jasper Gatila', 'Judge no.7', 'sample1@gmail.com', '0921111212'),
(10, 'Myca Maymay', 'Judge 7', 'myca@gmail.com', '09120419706'),
(11, 'bhell', 'bhell sapt', 'bhell@gmail.com', '0937363789'),
(12, 'John Doe Alabado ', 'Wendell talibong ', 'johndear@gmail.com', '09282837373'),
(13, 'Hahaha', 'Baab', 'Hahah', '123456789'),
(14, 'Asta clover', 'Secret', 'asta@gmail.com', '12345678'),
(15, 'Niña L. Gay', 'niña13', 'gaynina90@gmail.com', '09512263835'),
(16, 'John Wendell', 'Wenjie', 'Wenjie@gmail.com', '09703712454'),
(17, 'Ira Marie ', '', '', ''),
(18, 'Moymoy Mangutara', 'Inirt', 'inirt@gmail.com', '09271837183'),
(19, 'Julia', 'Joshua', 'cupid@gmail.com', '0912345678'),
(20, 'Cherryl Mainit', 'judge', 'mainitcherryl20@gmail.com', '09654882656');

-- --------------------------------------------------------

--
-- Table structure for table `assign_judges`
--

CREATE TABLE `assign_judges` (
  `assign_id` int NOT NULL,
  `judges_id` int DEFAULT NULL,
  `event_id` int DEFAULT NULL,
  `criteria_id` int DEFAULT NULL
) ENGINE=InnoDB DEFAULT CHARSET=utf8mb4 COLLATE=utf8mb4_0900_ai_ci;

--
-- Dumping data for table `assign_judges`
--

INSERT INTO `assign_judges` (`assign_id`, `judges_id`, `event_id`, `criteria_id`) VALUES
(1, 7, 6, 3),
(2, 4, 4, 3),
(3, 3, 7, 16),
(4, 16, 9, 16);

-- --------------------------------------------------------

--
-- Table structure for table `categories`
--

CREATE TABLE `categories` (
  `category_id` int NOT NULL,
  `category_name` varchar(255) NOT NULL,
  `event_id` int NOT NULL
) ENGINE=InnoDB DEFAULT CHARSET=utf8mb4 COLLATE=utf8mb4_0900_ai_ci;

--
-- Dumping data for table `categories`
--

INSERT INTO `categories` (`category_id`, `category_name`, `event_id`) VALUES
(1, 'haha', 7),
(2, 'haha', 7),
(3, 'haha', 7),
(4, 'haha', 7),
(5, 'haha', 7),
(6, 'uy', 9),
(7, 'yo', 9),
(8, 'haha', 8),
(9, 'aaron', 7),
(10, 'ron', 7),
(11, 'uy', 8),
(12, 'uy', 10),
(13, 'asd', 10),
(14, 'asda', 10),
(15, 'hiphop', 8),
(16, 'Q,A', 7),
(17, 'hiphop', 7);

-- --------------------------------------------------------

--
-- Table structure for table `organizer`
--

CREATE TABLE `organizer` (
  `organizer_id` int NOT NULL,
  `first_name` varchar(255) NOT NULL,
  `middle_name` varchar(255) NOT NULL,
  `surname` varchar(255) NOT NULL,
  `email_username` varchar(255) NOT NULL,
  `password` varchar(100) NOT NULL,
  `account_type` enum('Admin','Judge','Guest') DEFAULT NULL,
  `remember_me` tinyint(1) DEFAULT '0',
  `picture` longblob NOT NULL
) ENGINE=InnoDB DEFAULT CHARSET=utf8mb4 COLLATE=utf8mb4_0900_ai_ci;

--
-- Dumping data for table `organizer`
--

INSERT INTO `organizer` (`organizer_id`, `first_name`, `middle_name`, `surname`, `email_username`, `password`, `account_type`, `remember_me`, `picture`) VALUES
(1, 'John Jasper', 'Pelias', 'Gatila', 'jasper12', 'jasper22', 'Admin', 0, 0x89504e470d0a1a0a0000000d49484452000000c8000000c808030000009a865eac0000000467414d410000b18f0bfc6105000000017352474200aece1ce9000002c1504c5445a9ea87a7bfc02c221d241a14150f0d46362c1f191618130f33251c1b1613423228392b23342922120c094b392d2016115742363a271d513d313d2f272b1f185242383f2d22251f1aa8e986281c1559473b302018a6e584bb9485a5e283654f414a3d33a7e885986e5ec29786bb8d7b695447c79f90b38e7fa3df815f4c40b78977d1a798b28572ba9180c99a898f6a5bcda4942e262172554862493ca0db7fa17766c29382f1cbbd4b3528f1d0c8c39c8c0e0805735c4f7b5c4f9ed67d5f4437c18f7ddaa696adc3c4d6ab9c8db56d8c64558363559b7464907062573d306d5043835e5098cb776a493d9bd17a795649deab99efc5b4625147af8879efeee8473024b0c9cba77c6b90bc70bcc8c5d4a39108050293c273dfb0a0eac1b7a68171ca9384a07c6cf0c8b9efccc3e7b7ab88af696c594defe9e0cea090543529967568ad806d796154ecc7be86685ae5b5a240362eeec1b0e8bbb0f3f2edcf978a734e4077915aa1b9bbbbc1bd96c775dfe0d8a88677e4b1a7eae4dbb1bbb8e1a99f603e31b8cfd0d19d8af3cfc180a062bc998a976656e8eae47b9a5e83a765ab78679bb3b6ac8273594a42e2e5dfc4d0cdf6f8f6738756d9d9d1666348c8dedfd3dfdc35312a7c685ca0817346261ad9b1a56a704d4d4e375a6242eabba8c0d6d76b4235edd6cef5dbd48a9fa3a57162dfb9ae6d8153babbb19f6d5e94adb1677a4f825749e9f3f3847262a9b3b091a6a9d0d3ceb37d6eda9c935f6e48e0ededcbcdc6a0acabb2b1a78ba868512c217d4f3e56573eb98473747755d6e4e4cbd8d63f4230c28877969f9d61352a83989c8d5a4a1f0c0be0c0b6cbc4b9abe38f7d919292948da3a7a27d875cbda398889a682d130f917a6f6e6759a89084cf7f7accafa27a3b2d838d63a99e92abd59a3f1610b3ceaedfcdc0da8a88cbe5c8f2cba5bde6ac5a5c57b3e798652618b97167c4786b85847e46464697442db05b406c8082780a002600004ce54944415478daec58cd6ae368160df628a5fa243ecbfab3fd4548723102a98106c7aac6804a9e01112a298d1a04a64523603616542342366dd0ae68cc1003068c0135b8b22d861eb4ea8de88c1e419864e3d799ab9a4dbf402a29c88d1c27268eefd139f79c2b1d1d3dd7733dd7733dd7733dd7733dd7575aaa6dabc3fe570f6368c6cb6566ab5f3992e1d0bfde5d7b991f988a6a9aaaf2f5b4de5786c33f01097edfcea3c80fec2cf2e65eecab5f0d10330eeccfe7bd7f34544c7b411673df36b3d82ba3c00e3cff333ca5df1f02e03f437e62741c0de3cd220ad4a37e5f510368bfdad6cbc8b5a3951737f0fc68a84281c8541b1e4f556a709eedddcd12a4d41f1e99debef4ca5d552fae17d16ab50a54a5afc49e1f67c05000ecb880c47c9a76d637cdf8e38defc6917aa4ce0f2b2f2bb56a55efb6bb4f8b6560dba6bf5c2e167b2f30cd2083df55450563febfcc9e5862b8deedc7c8f46253f50ef30024b55d7855b896a4db4f51e6c7cbddcdedb6dacc7d3ff622d735872a18193c801be5c970d31f0e4d3b8816faefde32b6bd4de9078119ecb65542b0404db85dbd5cdc48ebaaaaeeebb23cec231fbcac1198ebc213d0f534e605ceab0dfd8037dd50db3a8bebd27783ccf72a290c75a64d632c6dab5b7d5b55bb6d58d5d57db52fcb0c9801386ef3973038eae3eb4b3121263c6fbeacabfd663bdeeef76596c5e5beae0c8e48142bb2dd2e96f4ab300c89a4ebeb240c9dfbbc3800987d1965811f3488fc40e93f320c507c94c50d8e6a9b6c13a3a8eb4db52b72c3229c15ea74ebea8a16282841400ca5034be1dac88ba2381c0efbfde1e06551ec07f1ca7dc4bcec2b66004d047e79a8eb6ab783de0dc799e2d9e4dc483562596162518c20b1ac205188420212e0499248e8344800cb1ede78b8f6bc6c7e1d99ca634dca1044e5aa66e0cdcbe57cbe5cd69b1dd1c613ce301c43d3524723ebb545781d0b8c2e519285a92b96652842a47598384e0205e35fef4185bbcd756cabf6e32051022f5687a63f87f319c13107a138a9c6254e6224c9d8f8f52e35c07d7522490810691c25c80c704374699de4f7f7e1baa1ecbeaa1b51ee967ed064e423c84a8dbd005c375b7a995766118c6e7d282ecf88a58d0d430b094ff24bc722605cd03a30b0c68063042a23122f4961925820442025750c2066b7892257b1bffcc40f4dcfb34d378801078028a3a8118873ca7170ea2d8b233c4f219ee378996e09202ccc30a845b3ad564bbc0286186a1d5af00587111272fbdba7dd22b69b5d1f92bedfff82536e7b5193cbeebc8ce625ec55e5a10a254d7b6f39794a0000c753549766ba0c430f5acc88c18847bd63208415747030a6250008236c821febbaa44bb737b0c8c0da0289a27c298135fb61e4030edbcdca2886f20e85c3f1d30b8d339cd4e1c646a2f1889245516c37253258278479f9b2c70857c2152550183152b25e932659801ec073a5dfac9aff69022d5f6663e92bcad0041cb6edda6e507a71e49587e24c3be7cecfc7469aa686766a68864551b448b7daedde68240a88a574b6dd6b8b2c2b43982048487e6d1949c3884ee9f01d88d9456081be6b372bfe17189686fe0c3643d3865529f00e30e56f2fcf526d3a3de7b4c4319c0bed1490685860699a16d9ab567bc0b08cc0f47abd16d3eda22ec55108631e3c384f9b910767e32129b1b4016e3dc82528f7c19d5831ddcc2fdd7e3320017ceea1b8fba9b8cc134de3788e101e3ae4b9b1c6691c23b4da222d0874afd3a6111ab546270c9265981e89402eea6b2bc9f33c853cb188459a3909eba5378fe3721ef9aef9d06e65dbf1625f654345b1fd0882b9785bc09127c618cb7a68493ac3cc26989f608e618f8f455610d8d6719b6e89828e64349bf1c629873909cba02e0df21db4e8345b0b819197b6b01bc396b0cac0bcfa0f8cc35597daaef260d2e355b54df3bc2e9a764ea718091258a9ce8af28cc2729712c476afc582bec07347a3c1806db1084d38271dcf28c22386a57152dcdddd15400a5830c40bb17635ec2cfbd8551ffa9adef655f537f83cf0fc78b135b63b0796f3bc488d2996c1879ad58a19303ccf8834cb300d0a46a074811d35289a1f25025bd89440beb4db2788337200f216de0faf344034232df69e6b9acac386c9d0b78fdc5b0adf429a7f225a55118958499a3ba704232a0c616b3f3eee0c24d23a0620d415230ad0eb99a653024d41b2533041c479f3e6e233109196678d5f17395082119a59306969715845ae6d2a0f0ac40c947ef6919af19bb2e288016181780b92c3320842b0a013417cf9e26547d0476d01c69907b52577bffef4fdf94c006e68c4f33ce62fce2e2fa6e7b238180cc4eeec7cec9cbdcd1382e8932eac697991579bc53cb61f36155dbbaf781219f3373bce2298a7f83005df31c6d29ad743634d892fffd239ee890c4d239d8291c65c981ae3e9a47bd2e422e6c8f4fc1f6fdebd3bfd195e1a74da832e703285dc3138f9441c20c3c92fd324dc6eaeb307bdcf3a6c6e1994db6d45c6634260622d90f8e5a9c1711860242127b45f1c8fc4e3ce092d031f1863040b2246180b4cbbd311110711f3eed5ebd7af5efde7c3ac2b76065db87499c848e760f84fda22ff2685f599e76f362bff21b5d5b755c52eabaa82d0c0786c8cd3bbc2d1340b5a96d66b30dede8bce88ed743a74179a07b7c5b02e22442184e84107d264f6f3ab57afbff9eebb6ffefac3bffef83003354d787e22b3344b33ad76a72d5f9ce5068f64ea76b10afacd4dbf87ba77a5f6cd79bd854d4a9e8cc7632d6d92d9e230c54b3a625a6caf0d560b7c0006244388138a82789420293173d2e99cc8dffff0b76fbffdf1971ffffecb3ffffbef3f3e9cbf7fff7e8231dd66ffc79af5fca4b1efd1463a329df10d33c3cc5c987991a97112b9f15e5ba04213044cd01644119289c4a8f1e9853c2295628a893b620d415216c4e411a3252ebca6d17461ba52b98bc6f876372ff72ddedff3ce177b7f2d6fca77a50bc21c3ee79ccf39df6107c03d27cd175a694ad104e6fdf6beefb1e3f77b22478fb7c8e08391cccf2e350cbd23e21a2d042b3210b9a1ca3026b8edd33ea7138fa6b00448c0c5a95e3702d87430a6684ea7909f8a2cce4fce2f178bf3f3bb917ab55a9d825a144162440a1f961431d89205d62929faa75a0661f88b79391cbdbd6501b51cbe68d32daa58de506eae9083611a706037af23d02ab4a62129a28c280a23080a6ff039c3f0b67e2978f38782209817e3f3cbf3cbed52a9d46e1727773fe3d467628ac0326e4334159ae68d9cac8065927eb34d2e25bb910b307ca11e0341afce1ec9e0351602e1965b55d3d861081a2e156417680477897789a6c9d042c0eb72e5908a5b2f93b3f9439cdb8d1f577e2896d6d6fc6b6ba976717e7777753572791103463e5720f079d59d5629d669eb53dfd73273a19dc12e105f74ae97dc420d4984427b471c1f330308b0488922878dd6fa889881a5aeb02c2b694ed69d160300c5c5c26155e54cd13351ae5c01c7d5ddf80f6ba52dffdbb7feb554aa042493938bbbab7520d1143967b8196c4578834e0992f375e36c2fb393992397f68ea55a2f3324026f885c40bda7023c260220c499c89d09c9b02ed54458ef83f1c6bcb9b0c8050224d7732058a0523999cd5fdd9e5cd4ffb9b5860324a92eb9a0947910ec34693a69c1db4a73aa6e47b1b74b88378cfc69bb9659da991b79ec086d677bdba806911433d163c50c53641c2a74115073b9e0c75f5a4117276803b445cb87675d41171f13795758c49a13ccc3abdbe4d8ccf55d3db2bb5c4af9fd7e204995ba23215016572fab154dd2b8a021bbd20ca5aa7a5f7f1fdad771b389992c257c895acdd7e36e38888a9bd1255624f388b9e1aca8b506807c34445a62a111339e4cc63d616f38e675857959d394fc49f9eed977e39f23bbf345e8c30f5ef909b5526bed62bb8d992c464ecb82cd22a86ec43637950ee6740d3341a23b3ad8decfeeed6fd7423d765f74c3a8aff62f4952383b03086e1e3b84538dd6c73443f7d10af814f34ccdc467c3f1709880b13b85587ceaf4727c1982008e2206f216dcf2a7ba232916dbc56590ebf2c2b4592553c45e2ac85c23a72adff4d12cb9933c386b9ed5a2845fbdbd741f0c6542e7121cd6a460f9058fea4241520da38172c132aae1f5c627a62fcab3b31ee823160e685acc357db9fa66b7ed2f617914db6b103ac1028d743db84d902c46aa15042f4d71a32d3614464d7392cdd2275014251f9c37b309df5c62a46721f2f163f2e62fb1933897b0ba148ee13d2dc34be284a852a8e6768aca153c13138884e5723979928fc52aa6c6b8e2539dc5f9f9e514802c83592016260262dd232912c52faed69302b2b080d2954e8b8ceea6245bbf136d86a51aef8fb6b3a1c1d0cedc60aff43132e21b19598ace1db176664009f0aad708aa22c50a244bd1f4c00015cc79a62792337717170053c9576201418d87af4f9148c832c733b75304070e01d2752e0264f2cde85045d310bce29b4199a3ec76b47d4b7ff7ea42958fcff6d018e796461cbd5a86219ca5e8d291ac530c0bd752195145c0d5758ea2f0a576de939c4996cb53435353d5ea4c19292ac019f158e5e272153321346aa788cefdfe7bb193b174b935b91bd99881bf01c8cb961b8e8db58ab62249b4c5c9e8faf179163bbe572f501c0f067d734b894466efc82d761717cfc3a414deed4a7bc3bc1843420f4ecc86cb174388501f4e87662a42deebf178f366fee4747cb288672ea588ce81e48b6da54abf6695ef875fcc0a70b8806bb300fbd3e01c2c3d000f66fbecfa8d7cb017cdeeef65333da197c33192585adafff9c88d4685adc5f01c4d3b35d1150cc6bdc001978acfe64faeab1fea43cf364617c69261cff4d8046ac7e1d54975782b95da2230de42ed5d9dfc8e8400195f98110592ea675b6e1a3158a2edaca0285443b7b36afae0e0e88c1ca8a517a6e5dbc9d68e7206aa213580f64d914e87f65a288445138131c087f395eb6af5b4fea2d3191e1d9a9ed87c3905a904f2f94a25f9646ba5bb43baaee5ff4d27a56e52019077631ece0e24f9600e4a27258c43f0641a695d60d2b903283ebb576b9e6f27bedabc1eff1d29ebc07019464e671586e21841b238513d8c600cb9d589ce5a018e0fa7f58d85c8f0e8c654dceb49c6e3494fd0e38d99f9a1272b2b249b3cff02c4ff9be2ef27323ab4e9b5d370ae80ca6936ebdf2c76f888a2ebaa21b394fb083d6b249458da3f6b261c5fbd45b207aacaf3aedcc16b8551ec28524e8bd3e654dc6e536035cd54c28457a71b9dd16f91694fcb571845de9bdcdcf484f3e6d5f53870f8d70184cc64cd7f0f84acc5ade2e4f7ab008291484e14629ab6591f3e7c888ad27de5982b888afcdfffd41221b88d2fd3dcfe4a763906a39f1a3265726adaadf3cc002353549f64b1da1823464b8886a610bea8d6ebf54e6774787571f5eef6d044de8d6135e611e1f3d7dfadbc22c4ea1e3210ffaf40da70adf1c8b72fc692e901fc320fad8fac56ebbf1f4a2c8599d8f546cbe0e4dc4f3feded67a3d1846fe9acf675b7c28ec4a79b63161b4a4d37543767276f39ec7db64752c315a069e83260563e5c763a979dcb8dceeaeebb1392db0f03e8b28757f8f3f6eec9abf5f5f5e76fd7bb3259bbaf24a9d24abbd45e9edf1d1f1e7d36365190512f2dd647b67eabc546f30aa7b3b45d0f067974b8e3b3ed66b3598b2632e799afbbd16a1edf3cb5483423cb1423eb769abc6f06b398345c58514c138b7ce373e473e7f2b4de79337c91270339bcca0305705cfd6fe3c7f575fffa3db1fee8c0edad7b20ef165e6c160c1df9ddd2af59ac924d5279885d50b886e1455d608f8fe05de7b56c66bbe9f88be2fee33f0f32c737af6d704581e2062486e9fb06e91422913899a5310ea4c540a5135945751daa8f2e4c9ddc5e75abd4d56de5b67252bea87607b2fe1c48d6bbf3c079f565270248647863e11f2f83307646d40768ab95969c8a887d2506c83d2adaa7c21d0308cc2bba77fed74ad6c8c89f024a93ba796a933489e62867ffff29b7a29e34d235dccc049d0e64101846615c4584ae000baac0c289c2184055042d0d81189dda821ea86229e99098ee85612911d35e1893ed29ca464d2146e245e38dd5f6c218c3ddc9397bb277e7c79cf743cf26bde48b1ab8621edff779dee7f9be0f4242b7758a940a15ce9230db01462492fa78c92d03cbd7b46b4561e670eb0680a4204cf96f8bf677c6fe6a1ac17021244dcd6a4ef7e73ce04820205f11907539341365501252dcc9b0acb803320f8506eda83e1caea87773dbb5daca66697fb62520a1ef800c9c2b329d202884a883016151888770859254e18422fc6106c23a030af569f93592ab9313e150100eb7be7c495dde9e988d46dd60b95cbd63880b91e47953b360a6403df857c8fe362b62d7aecb6530cf29b9a87368542f023eea47a0d2c18da955f5c81fdfae722b850200f19db74692d877a1cc7d4e10ed2ad229df3330aa36c97b8a6cc3a0b5a4ace8c3074f4426fb382d14b9e5d7af97af8b45e1f012adc39b43adb1dfe4f50e969b6d050541ad15479548372722df345b2f5f7af31c675eb36bc73a081411184a2c3e3b0b4bc464af9e24a9ad897feb29e6e04a598b957cb595d9cd8aaf259294be2ba0bb42a8da09aa43bfd721037e84358a4e8c64415bd41f56e50c00113ee92cf9fcebfcd7dbc31ba15ebf8575595f4b2e25b27cb68c9aeaff8d853a0bb103e0dc994624bf1c673447b5731e314ed32c4c5b72783d3c84892988cc4eaa77540f6e48425e21a61742ee7d5f4b15f1959af9f21e7ce88ac0a59283ca3e0091103075318558824b71b16174041a2b92ba3ce11616f2f9fc8e707378797b5b2cc24ff1b329cba7d3e92a8f20c4ef0a12bf2f47faf1f37b1fbf346e012046a33dd02bc269568658372da70896551846679c94bc234cc9809c9a83ed580180d45ae3887ba5b438ebbebf11d6355b21705a53dbdddd532a2025900c215280d36209052966998e91e096c08d8f2f2c38fce0536e3fc160fc74b2f3d9c899b2f1385fada2b68a37918008a39200dd1ff38ff92ca4c63b203aa3ce6c9d71d234ce4694228661c07711cee1895e8a02074cb0903fd59de7be5221b4b8db9a6a75b9c13a5fc49033980db9172b0c26a96ce776af44120c23c0328a18b1461db93b1be81d0b7e0972f3f3e30b66e1e6b2b8730dfa75fdf9f3b5e3faabc35436991a713444d0fa15c1696a2f50847f954038e69b40beea8c2702c5aadaa52a51042cbd8a9631d3bda3231d240e935e2a230d6afcaa54d8b6f90a2dfac6ae01f7662cb6190a2d5e5c9472072285b8523bddbbcae09d0ad0778a9191efd58c8c55a9fec5a646b652fee5f1f9790b14a408837d01aab37c0d73c5c1f55b2ca6343c7b1c7a2cfdf3af882de99f9b6579dc04b20440921cf4968e8b063c32bc5d25c5a020a0ec842c92f24ca3a32d8082632291eaaa90db5d2cacb4782ad7d5d3d7d78deee9ba6317b96f0714c5a8f74f4ff7326d5846041e1b1a4c49119021c002c3c010762c00e4ab70237ccec38ba5a6a85e73792f48ef120f054130d24dc6239b026fa122d944b3200b490702e2306a8311ba1db221cb8830a98a6509700cf04134d6d62e0578ec41ad760a74ef6aad24906d7b20a88379f6f9567c571ab9e86abb54a88809921493248451f28f55a80b8800a488cb13233cfff8cee55680cb231c8904f4fe6b6e39596ea4cb4bf1663de27fa9177acb27aad5b277c90b382c0e077084e3a273299914312f229748c147405108158d119d0f710ca7c584a696dbaff96cadddf0e889957225df055a603a7bce35ca0e489ca58a4244312405691a46c8aa5cc6125229fb71ebc4b80ced94dfa96ff92dc905b4839580f5d23bee2d571bd57100c23747e2fd4240aae5b2d7f4083a2f69b138381d2cce3ce189b0e838cee991836d002432283841e00fd1010a4190b9dc3ef8c6d680d872dbbbdfb60b172b9bee81beae819a5cdebb0e5eba82eefd2849480e2a2c433a653200224bcded70c08b05ee53fdd09f04199e7ff94be2f744369be0d33c9fce9a00071f3f72b98ee017fd01208db269f06f6f9f4c46d74079753f010ce82dffb05c81118c737a666cd8a0a0a5388d613826810f8336600962eff474c5b7d9da95e78195c5d98b8b10baaad30d5429a8e5fad1dedd6d43afbe83d28b695a257d8869d029a7948d1c06d600c88245074002fd689efcf23b0cc26c9677c143bb1a49d458ae6397eb18401c1d1fc5d38d4679f087a74f9f6afddac9a83d1a5d332320bae29c87c440ae9cfa8d8d3303833f9462e88a172858f83df823e2e0143c8abbbbb5cd3af76cb76d71d3d6fda0abafa7a73bb62737e8e5956f6a839e12ad2a542aba4d2a0e0fa740262329c1bfa3b324f3cbba685d08ac5916c693f3d9573c9fc8a68f8e8f8f5cd541d0dcf831bc3c6a226994fffce7db1fde4c4da09d23adfd99ddaeb54e1a75460777529fa1b0368c90294747d7d511b00e43bfa14d2e823c3bcbd01299667f77d136f0a035d9ea0ed91ed836d14c84ff40cfe69e939c1691071010296a4406ea28c131cdb49355b129cf9cdf6e5c4e0267cd7e61cecf25c7bda6040fa2944d1fa3c737218f72d4047274044df5e78fff7831b5b13e36e1b75aadcf9e4d4e69fd73f549b3d9d11ff5074648bc8d56a0908b3605da3b7fcb6832d06dab67617403e47cc5ddd7f2c1f540a80fdd7847db728bb1c295980029d484f5068a84c7c7092589431380c47884baf5c468b158fa7f78621504c1de9ff43e2a3778be9100207f3f6e0ca6ef71b85cc071efdb77d6b1e1d19999f5172fb4f6c96793d640606e2618d0467516e389764c29e984514e0f6128c04bdb87324a147944efc3437486ac2cdaba5b3ef3e90ad9eeb6e0dd9bbe424da9009ba0e81d0d6768420ecfaf90ebd5a0be2c2bdb1202fea291338213b75b85ada060d7bd7b6282f9515e028e1cfff751d5f517c5ab5e4b54eb1f1ee91d9959df783165d5da9fda27adfefae17450b09a1de0e6ad6a093624c6daf036e943705ef4438952a9c0448c2823c1258a8398ada7f5b3125be801fa5e048cc5586e7f2f4c8a19516f5843d098133c84d869389b90cb606cc93cf580f55d54abf5072686b722724f30502f3efde9d1e0a0a9caa71b162f1a2169a4c08daac9112da27387a067cceab74ebdf9f1ed7fdebc989a8cfae782c1b928382ef34607013a2581dcde069521195ca2d18869318abd344e930577f7ff48b7fe9636d634ba4c3293f9954c2633499cc4689ac46ad426263112ae8eb1683493e92445095ee45a2ab862d4b5a16c8472850e45432b06b8086ab40b016c571a0ab805b6aa0b0bd27061d91295758bff1561fd1afbccee7e01dd01ff52649e77ce79ce39effbbcb73f2cb9a74d7937343635a65f6f6cfc65c34192667f1eb1633c8eb36c361eee8bdb9cbc5360a4aa9c004c89da118f928390159332726264aa33b0b3733f30f1fc89f6fc0e28b3d3e13bd84f24004af1787861716b6b716eded317911431e891abf288af3d2a5a7006fc08ad230c3a3bcf8145a5511217c0fba21438156a29dd7487539fb66eed68b82dfde33f175afc16e046b395c70c0403d13d2b852331e0bca09524cb85784e552385b02c2a166b4c33494a66d8b3eef2f96677de697df8c993e5e59dc1c083f6684256cc28455ae272726e6e6f6dff2857bea2d4a36a261c5e68261186d11b748cdd4e809ad32414a24d49e9708bdf84871863fec3a3a63b4c0902afee35f5a71f0dfd3d6cc902d9cd339cb6e9a437408c8b818480f5d5b159551133f011220a101d30133767591be45c55a982931f98dd599e5e066d7cf7f2e56087d7d71eac9c969d38a90c2793c16042dbb82f560febe5ebd35c3e4fdbffb3378721f0c3105888b33a4a9436252ce0663f4abb11c3f1871fbbd3b7bf38d3d0d6f4e8f3cacae7f76f3559a54cfe161afebfc1a887d56259c80e6088f0ac1a4f4920c671a590c914a01a458a650f21c34b952f7b07be40c7e0e4f2f4f4bb49e8c9b33d2722e784778e2ba9542a9c522aa7a7a7952f1e4fe5ea4a926e3609034100b0ec9b7a23b844c24e954a330ec72834629bc59a2f95ecfca7f7102cb42b40b7fc24e9a1a5dddddd0d9467101235595a4a144160845e4ff0b893d7411d3ac8419219ba97862559067d1b898e24aa055585c8ae54a39ded5e5095c9e5e5e9c9c1c141ef5818315c9d5624498da4328bc9a49ca9e40e4f339e7db596bfc987f4f0fa7501a768c248180441677797464b56076a636d262ebff51de176dfbfd0ccc6ad073a1e2dadbc79bd6bc2198ce6b898a50505be1118c6808080db223068f4ce585c62719b54180e2601f4c1e1e185ea97cb9c4949152a4745701e81898989aed92ed7982b301e41c098a9524e0dcbc9a98b8bb3394f50ae1c4a854482850582cfc1d4cb16920a117a0c7a2f0f642f697b5dda40214f8fba29f787a536b0e4b7bd0cd0d0f81320f2cd1f7844c7206e2eeb68a10158068c6773202076401926083649c9399d5935127158508eb3a16ea97274992baba996bec2d1fe5a1498b0983c9bb1a24a51d531872ad048a906a7927d33a3d6d2429f985173d0b6943ac0a926b05241b468bb0110d8ec088d5afd7d33168ee7299a87ee65b36efc16443a7ddb43de86a69ffa7f935ef92bc160049f47b3fe160a83074125132bf0845687138f494ad6090a8f08028ec653197938a1cdfc542e2f73567fe24b55d5066da8bc9da8952fafeb59259cc964e4a227e9a76ece3972eb639f1291804f91724d5f63738a1cf434432110d871c1ceb981ed25136dcf9768048734471e0ff5a7b56b0db73cc76d83d2fb5fd31099310a16db314a41ecc4e888493b54d2d882f1a4291ed12cb09ec023a22c8b55207c06681c51948a7a7a9989d58df0d4e0a95f5d5f5f173415091683737f2bb19b375cf6ecdb5c06fe30c7c672b55a599113d1f17999e4755416c443a0f3791475937cfefc3c8f532514471d4b9f3fff78dbfb320d4d8d1a1c5742d071ed368a62cdcd9c0ec39c8e3e2db6213a02908c93524462757aa360098b9970015eaa02ac17a192783c7e74797d55ebedd58a8007ea381a01a3bbbf5f9cfbf6c7f318c965a5edd5758f0ccd216653ebf5a3e878b473bed363e175b15c0c2255880a21407dbab4f5b114a24a1cf7e997a117e9eedb0ae23de8d66dfd8d439b8cc1c0b3148b9b52286ec7a8ad519c06db85608401c3b3311b6f30f60ae67058819eaa00b68267db6749b1a0c4cdf10a1402551c5e568b5fa0a872b1737d7c7dbe586cfdfaebb794d422065b5dadeb6bf3d1a0222975dbda800f525667d48f20165572f2081512205ae15ce9fce3778a7e6bb2be7ed176c78ba4f7badb1ebd150c069ce468d616d17888ce68472356b7dd6e079294cb809dde9a03d004f04f858713a2763f6fa64f0e8336aab9ab5abd5c299e74813bb9ac97c71ff81ef41caced9db8beae6e4ffd7cb1ea72791f80c19a973332131b78d5d3e9f3cd4753214452e2e0e9423c442b0cc95b47015bd446e978e8eec3358ddddd9f28c640f9ad146b039223ba9819f55b39ab354f80caebca5775c6d04b89da71a128a6c485164000d078f46c31a3c425ad90d3c4c0c3e927cf070b3516ccfeacf7e4e0a0b37dcce572ad7eede8ba1f08683b417b450f639e9878daeef3b58f8b140d3d1a780842059a45536eebf7ef9c7b69e3edd0ff3148d7d6f68674ea286ddc848ac5609928942bf939d4ed36f41af5cc559d2d33b5e661591413894c24e25f3827a9fc0d39f3e76f7322b0f8b05e3f2d3e7dac15a2ea85b157af2602e071db4fda5ddefb5dff18ece80af4f87a66677d7b515df8d944006a6aef0ca2744eca816fd08161318646f34868d3cd1dafec5adfb4dd7dfee15e53fa18b5d91c6e1c719a62e043b52b21568e4451acb7572f386bf57a4d080f6bbe492e48d2ccf6bfcc590e357ffcf5eb98a7aaa86abd76f8bf422a466604c4b123e0ed81751fe8f1debfaf6d9f688af930701075069f3d7c3500bfe91cb1727135ab0327a7374221df6f281ee1dcbb1f8edfeef6df7db6a6a1b1fb17abd964d1623a1ae3059e874c4d523449db8dbd7adac4d66b46b63903eda82843aa0a6e5f2ca6525bc98bafaed6b1f51159a9f766f77ffff0e5f3e9c9624d2f0634cb05707aeaf5fe10f07a7b7a9ece0e4e4e3e7e3c71e261c79f3d9ed0be56e7544b3e55b109023848231889cd3c4ae148fe781339feb4f4dfe1873b5dc36a4a0f6d34379b6c02a1b399a02732985dd0c62b7476708f21b394ad19494761646d6d0f22536264fce7eda9ed8bd6d51f5c0fbcabad73552714f2f44f2f97271fb7978d66efbf59b9be9fb4f22c9e0002084851e00ab41d046a55514005d5560b41b103225a636858d15bbd345862557325317b130c751a24ce0369c24ea94eec440dc1ec03f2a4f54162aafbb40fdb1db299d7da44ff8b3de7da993fa0f6aa311aa37ebee7d7e773bee7301f7265b3cdf800f7ca828c8487990f391ddec3d66b202600a2f4fbc6155af42ce09120e1ab2bb50a2b9728f6e78bc9fe15e0e31ddfe0611d61608e6faa856a814c088a502d80dfcdb17225401ea5524ef5ad6aadb4f291479f2aa4f4399b2db031b671bfa5c762b1d41b0c869fc6ccf207873b00241477d27ea9d0344f8598dd6c968570be3b798e2d0a8a0a39c9a3325826413a8e01c8138dd77f2a87320bac14841cb746a384af14276bc313b1777be9b5fee16fb9a2ee5f0fafafbdd308d540b8ba545ab54800e4572de310108852a20ae2e64cdeeed1474da91c0ea1188d2d861e0ba4a31e7b4fbda5472f97ce2210267e40a7e467bda145502788e1fcfc9c558e93a3808519719477e643c104a4b06874b0b171d0bc7cf856aee52ab82078393a5cca12eb62437d0d7d134f9f0e7dd32a6cdd7a782d194e7e58100ab562559710f82fc811382a3e0f3550cdb84a78a6f5b40f804502367d2e0a09d46eb783f7b746c07d2c7a216f75874620ce84dd7f366e185da428ea5afdcecccd4d2e4e4ecf742e52a1c225099e0540a08e3cd6fc90cbed43ca0305a69089243ad08995159be9a7430db5b76fdffec678bfbbd6df9f4ec7b69462502455584800884c2013406107ad08ea5d7e76d6d6eeb5a552a6682a958a160ac74d4603e829f49f885e21f3a500483c8ee3f0a79f77a8e9d145d4be73d7cfe2e8f4ab99e9a5e0d58513a71b21190706dd3a4f2ef771ffe8080285cb1511ba05a0bf35c5fea18eba1bccc837c4c21de174ecdd26e8cec65b5562702dd071004424904a415e6b8512ed1fcb9e5e7d0a2f701d9055a1e8412467196697c946cc5ce17201b2563ce43ca0c98bcb2b726e667aeebaaf026f739d38a0324ae52e4b2378c100406ce6e7156e5b0024f0ce60bb1a2836df6a05f95e935eb9d14a5fedddb5f58e895832ddd8f8fce10fb35562ae086803620120501191c9cbff38ededd5071008c95ef28022c4678909453cb2eafd023d82ae7540d3e497ababfa3f3bf2ddddefbfde8f4ea63e5fe165443098b01fdbdc4f16bcd1682e57309a3c6a14721c8e5a22dc5cefbbd16e4c5ddd44720272c51bcd739038725d259c1084bb00a1f0a0220ab0dda8d5f6ba5f07c01e64227100a71fc7463c7c30d99e0a75dbc07102bfe73c48d074e24bf9b407bb8ef0747ffdd43d59ba640d3202401c26fd43cd827b6327972a91368f1a8dcee110c4427ee2a6dbee1d6bb170f28d46a3d1e96ab4ca9aafb181433cd2070fa4e05b7295eaece7c7faa8d161a713070770faccd2e4120634c54c716ff9f525161c380e4dd274ee73d9c836b4ff42e2ca5d5eb1389cd8d04f99efe9aa07818fd913c7affd7c9e808f79eba4987c7ad38585db2bb17cfadd2d8d4659a9125649645cd935103e1f2c22157171a85245b8f5010442230eeaaf965cb34feef546ed2c1027988404241797971f3f9d7fbdf4f9adfbf717e5f215196230d48391d6269bfb5ec52dd348c855df941bd4804108cec26631190eafdc74cebfb663221cdbaaa854fe50ad5255088159630206e2cbc7201170b1ebb8aaad781600fa441f40a2a500c31c8be4fc85d637f0fa9804742c12d62489d25559a5fce7fffe757ebefbef5fbce5cf975f9c14c58442ced644c260d2f73e5978442e76322d39934d2295f24fb6f6d6d6c32b7d1d379d97c556e3c4de2668296515366021cce19c042220d95011c1b5240064f5edc7a6267b2ba4a710c5de2850d85dfc24e91af0ee94e0bb0c22819a4892689452ce37fbf37ffeb193db3e2d5f95e26c6d0f8d045b81d247077b95e23667e72b97c9647f28824a75524caf87fbfbbec38665dddd8ea1fc879a4a89502217aa652282cf0eb9c9d40a500bd8a7558dcffa8e2e5f8f1922c111f02bbc3da418a8df9fc45dc0890b0e485ad7483003e3e40dedca5a5aee174aff2dd1f125ac8aac4120f7b61a03fa870b9cb6ddeed1a0c13e25868c622deee5c3c31d77bfc7d42f6ef100103147abe5f305c8b5e0a4a43ce13822e17324955d3f6e1f7d2cfbc69a43f34b58b97fa57e6598e6c7f2d9299b39774c62196198eb0c8c06810f273a2016c599ee99e9c9c52540e28c181c7647c0dc2e51bfdc1d9db7b88c1e303eb1905e5f4bdff4a5466aeb6a5121d70eedbdd9aa104b245a2d17228387240bde85b36fd552a98890548238f71d1d9d1e7dfafd7cfad5348e8eee5a7ed1bc5d36dcd1eb534d24c43a541530559c0d9208102ac8d3ce38c522e944474420204e1cc680596355bb5dc02ba9400d818b245bc9a1f5bd959bbce800f29abb0d7d7d7d2be158f18d4e8cb3ea428910923af61b053ceeecaafc0cb297b5e291c7b70d50cadb6d53ce7967fd4f9f5e3caf926f6fb89c51b33e00b11ec73c0665c5156181d08e02ce78941cc138b3c4061445cd8f0010230b84637db60b3f1dba07c6e6130427937f9a8cdda8a8d7218ea1958989e1643afd41acd52a143205deb2f2d9cace55b577c9782211a7f291dfef5bddde2e4306bafa72553e3d3c3cdddf68a618bbdefc3a50200f98eef7ef7f9b5b0283d0888334a61c7482761c174af4488801bfa29838c4ba110867d4ac216aea3ba727a929ab804f60f34c446c25f3371d92adbb8d2f26d1108b258b620ec1e54b7922382430c7039e55c21def520024a246d33be0f7f841921c1f97be5c5c5c141c962c058e14855837e71c07bb00e4fd240372dd4eb6028e424bd03902ffbaa380e64236835b24ad46539371c3ac2394d9cec9ec0bb1152a3afc3181402a3a290e7f974d85bebdd87a7ef3a4f881800ac2cf6c6e9e102045327c2d681fe04262a5dfecee7db96188b8e248b3e084e1888191e8bd6eeffefe0ee9421d983db09b80e7074c05db4ebdcb090231ee240b2948cea1789c0502e2b0e9995b277952dffcf72704cf9ae11056f8539059b85bdf65c9aa6e38160bef7d3849af15ad404d325bf9ad8c40cacff0392a0517336495078098375a83787f80550160907490feb8dcd6e66bf7a7681794f5883de0c35dc423efbeadbede6289589ccdcd8e54aa844338909a014893696cb06d21a3ec6db4f21e48395682c8a493c5938c44b2f75d762eea1ac2c9583eafdbdc5bcf13e05c99cdad13c1df888c888f825124e054b60f78dbdc017b30cefa09e459bae44804c9a3d9d51fc7e5e3cb8116105a469beff014c768b707c6eedcbf7fe70e6031d84d29881720cc48e1c122532f35192b81e4e7ffb45cdd4f5a691a6f8e08a2074aa1f4588a1e84a2553ecf39602605c44640e4732399700230968cb4880c258d92b0d66cd3b0068c7be14e42da0a9b3a51d2d02be5aaea05a6b1ce55d39dd8eea6d18b66dbf4dfd8e765b2377bbbeceb8d1813ceef3c5fbfdffbbecfc3e113b0a8468ccd97f34db623cdbaf2415f69abb179d86a96932d5e1b498513a5147cde8d2b57a1b2409078698fcd3c8e3c1f15f07d48494b9127c7079fae5cb92ce0dcf02b3736c2cae5c7ce7058e9f4a6432ba19574383ca2d3cd8d84cc40d2d0859c3ba9bbda8db9342da4085ed422880a80bd4382ac3a7c0e365fec483f65ffa0c9546ad6ebcdc6613399af80c4450c3e4a7de30b783d3d5d5c081211ed61826678b55032f6f7978e21882391a59b6bafdfbf7f0b35e7fa8c174ce6716e84d24ec3df9fa6dd6e832b614eb8d3899515a5cb159ed40392d4b8766e3a2353501447c0e3442d3c7484c16d95d9f266c9d491669ea1095f6c732b9f2f16caf57abd0a79a45d12098ccf115c4767c67c4a4a930cad1cbb0ba411aaf7f1fa3a1048fda4d6fccabe70e53afcefe56b76bbdda3dc48bb683a9bb1d2199b279d70db5c69f74ad6463bc3406e22a9f150c2ad968a719c0f9c14c0b40fc72a9bf97a29d0a1a624135bdc6c144b49d3ad09b604d90be756dae796a048383d183a7e15d38ccc63589c046e0b947007a5a67068635a69c87a986b885bbebdfeecb137edb67966146a7274d67a8fc9b8b356972bf3346db379bc634f801aabb4401885dd38c617f011120e4af5f8e156d1d7a93eb1c14001eda4b08350eaa1423a4a8d660bdc1783c428e0a0d357ac775626f23b2195a22bcc3bca44d86c76a7d34edaeab292c29eaecb5d5d3d33d974962645c2ee51b57494213d41838dce583dae34a0f198f54f2211d5c634dd0bdc94e209088a0be805dc1eec2a5e05a6d5a11644345e2780262f02f192f70f0dfaeaad56a505a98bdffe364084cb4452c66b3e6a5f8e376413eeacc196c9da18f53dd490d5d3d7a79059b3699bdd2e928a48b5586467489b9bf6a01fd40feb37a8c65329dd5cd6a3c8e524381f523bf82d874328fac026ad7aa183d335a1c44f98d060d87eb9295f8592d82895aac8012c20e1b894422c9605a71781428d4ddbace98c356355abef89d4a450d8dd7b4d2814912e9bcbc5d8498621d580039e7d3ae8b73376bb9f1489d4aec531e3ed9169b55828e9c3319e855bc9a16d3342d6ddc525b89566ac9383aafa87da4b7eab5c6bd6aa8da423790816b144a30208929c422cf218cc47e3e31b3692cc8c32f7d42449a2f3c5ef514b86484c660d419b67990e7afc365b90b63943666790f1fbed1e66e69ac8abd5a60656b2b26e696f1f0e5ec5212a1400e952483110d55d8acdce764fb79bf8e485adadcd662319631d87a87045a3514e85c2150a3169d8d1de0cb93d7631299b812ca526c562d40eced8199ab1cd6d385f295746426eef9a59e9749ac7c2064370f9859ff6dbbffb2eabd3aa426eabb457da0df51cedc1435504c6882b2820a897d1e4ad4b431d0612d8ac6d36364bb1982f59431601241602994428732917b5735e462c1c55c3f3cfd0b41df0307e2f5a63c3c6e101e3eef3e18190766c6f67ede5da2ba8f28f974fc266da6e4f6854ba691acd3d955014c5b308b87805edd610925c0ebbccabfe0c99abb338e4a652f5e75aa35866d972a30522eb7793703149ae5b6c539a17c35e7b77af8c112fcccc902ecf72d0a95486f7d677d6efa634539aa5f1a3bdbdbd9d9727071f3fbef9d7a7f76fd66eeaf52a65d0a59bba3d971dcd49fafa2414068494c3fdf68de00920fca4b3dd5d447e6bcb17e86c4bfbad624d71d82c3950bdad570188004589050d979348200e16c341fbb5efc50b0baf5fbf9ef1fb97bd06a572e73febe5dadacedac9c9fadac7939383b520f3627d293e359552dd544d694269978292e0788ee2123c200b9f3f57087ed7554c312ba46a13a56a2cd051d792176b878a5ad1c12663655facfabbec8d223a81e1b93e8515c81484c88c3fe83c79f1e9fdfb1b579e014f7c0182fee0606dc77cb26edc35eedcdefea0fd601c79f7cf8de32510b8f1a95404d0243ca4a44742e17d38c1c72a18f6f91fbf55b8dccbb8e2676995ed7754939d1d8c12ab1dd66a79b60040d85893e2b72b30f81614132a8753b2acd2ec3438bd4039f4374fde3cb3442d6f9f1d1cbc30ff796cf1c3e9b9f17475755bb37dff7cf87cf7ddf0ddb3a5f87cfc0f531195d1a8d2b9d5b29c2487839a22f8045ea9e43effd6a2f8bc5cb35eddbc05dfdbd1e915974c8d56b308811e60938558b245555a4021dbbe05de8c6344b7d515d61935fae7f074faf1a39de51b82b70b8991a71fceb74fb757ff78be7dfffeeaeeeaeae9f069e4ecececee9fe61ffc6d3e9e9a548d2480be0b25154925d7260c407cb9440ba2a452af6fe51cf24b85ffb1f9f0bf57a1da70148a79d6c73ad858acd6ac6f369012058b807a005d8a896dd3aaa9f9873feca6547afdd2f1f197570bfe810fef7efd2b80006b6cffb20a88cef701c5d95730483c3efff0415c35876e752a700ca32a392880385224687399dbaa03b53b0c0c0d15f2818e0299a83593b164a9188825930e300b9b444078e041160e174a30418d663652f1070f1f6a2211fdf8785bc04feac786777f05a36c9f9ffff8e3e9fefec5597b81c48d3f884734cf87e782361bd3dd077146213135fb178878aa42f0f8b552b1d62aca2fc90be5ce4e3bec2f579b49d6517414caa572a05028246b489db4a304d8309804971ac652f1f8738d0614dfe4f1d1972f5fbf7e3d3bbbb8b840a723fb80e2027d80bfb4713c88a774c3b79f92b4472ca1f800045e476556da83b59a8de621d12ad75bf509b9dc540874b8b00fe6abb522202997f210f2be025be30a2c6d2051b41d0c6913271303465d684093426704477b60922fe8fd5f202c8063ff112848f4fb9da92970adb83194480065617a31246c292e9fc84915542b5f2e361a15ea30578bc9d1b8894e8f9fec37a193ee241b63cba5a46f22e0a872390021da3609d1de83caa941ff29b5ba714d6a5837b687902093a05d9ff9478f7ef8e9979fe64144a2a69fb8e6ce944a97c85a994c4624c1309c4025042a07da1c60cbcd1ac6a76a65d3ff65165d7f3fc8f7463d192b24cb49d617605b7c4081c21d643681ae097289de51cfbf89bbbe9f26d235bc0c4c4be980b5c350ec525b07dada3a30b4b5c6604b376a67462a3469d5cad1d8f4420e67da3369342b5dc87663725814ec723458c846b217ec51d100ba04bc58135dc2c582648debc55942b259bc5813ff8af3be03d99c646f97f201dc909079fabc3f9ef77bdfef1b2f3f213a1d2d2d9626eee9d3e7685cdf7df7c5952b97aee069982b5f6043110969f9dba14690ee66632ce6223d0445698052c256a0e6ff75f9e6fd7b1e9d67fefce19dbacb184a938bb7e7af5d86d8d5d5054034ba63172a2ab62851db4b1a0f4d1a028a907236e204939be39a7ef80118014a2efdf3129082384eb41e4220472c16c91bf055913617499908026562f6e7ef5fc2ffbff63d559e7d8476b563979ad6ef6f3f0975f469ac15af01906a08be28b8d4fa145c5e63a241f10a8a1477736eb73b9e8c734d9fa86d11c8e027a03677381c6d8dadbdbd275adcf109c115735511b48ba6c1b034504a15366df7efcfdf9ebf979dbc7db30b4faf7cb463abfe4003307ea0fde2cdc962b90e12e231a4a402e2650576e5b4141452197b404c71e96137c7a64456bc052bce353b61c59df1b89373404dd80235a1ddc5d8985abd99867c6af2e86873816126274198cedf3e79bafd7049ae303e78f1c62438a81690a83ac5a453e7cd2bb41e8a2e14981e417426122a10a047c23d205194655992c5843fed6874bbc1d3793b535345d712461af2a9ce640a1928bca4199b869f1d84b2ba2437181f3878fac624044c28af54e3c22690ba209d9054366617e091394e14c570441104211811044588f0a8919b7a8f24c45b495eca18487d652d54f5182a74b497015e4007ddb8dcbeffa31dbcdff04ff3b4e7ef99b4a6225425c7b0bcc2ad28dcc42927f438a06fcf08a2e8f7a7a0a88d7efaa912895abd5e6f54e0d974d391dec687bc2405ad76570da5d7eb091a7b151a326abf377fed64fbfed327bb4a7af3fa81861b20b629adeaecea670a40f0a6658d464fe335a752d8cf25c44804a0484ab0b3231a0d4ae9e126902fcd7e56f15acd051703964851d8abc0d1e1ff7ed68587ba0e5f6c2ff1c5ebed20e6b7caab0a426544cd258456e3d15731e6009811e77f88d3be8218063e828200e60621abf9965344203106d4a2c703fea5d311c6a8f07a7fbdfa769592bfc8a3fefc24a10ea554eb3c2a103ccd809289b2d948c6ea9593897402c084f924df11ed0843d66ffafa3fcd96782a99943356a660cb12d83a8240a1a90986c3af77edf51d072f3e2aaa6a4b47a9da1bbfb0634664f594cde88258e54fa7399e1db82546444964d9e489af7bb9744a94275219c646eb694a83f37e40882fc2f3af3fdab5d5d07573d20348347a9c41545bf026d01a602f45b2c6e50d04f9849f0d8b4ecbc0c0605c4af96fb539dc09b43545e96168a86e3d18ee4c264d5d07cff2af77f12d240d074fdf9c7fa923e8da3d5b48b026027f3751a03d0c665f448946c5e4a073706240962d49bfc5910c4a2939001e62cb66b3459c37d26808bd39c88bbbc9082069bffce8a5ce534561bb0fa7d2b4eab7c983ef4f01527858f21b491624c9e29079e7604a48ca12e474524f1771030b1baca42fc0b3fedd65e4e4fdf750cf51355595fb1089da544603f35094be8a84182c8479450a0a4a4670fe24f14920c629675c051b4910452c314165d1ae80e24f24d857bb0764ffebcdf7ef5f824c32d69cdd5b8b724b83bd13284d4c04980ec9641441e23333b232d3a3c83f29bcac6452b294718183109e2c0eb6606519505289749afde5b777bb15b5563f7cd8dc7c6fd2650da153470109ca467836c8f81a4f168fb258f1eca41050de8cdb33f2db71451e0f4e28767b8ccc164d84074d5157690c08623ccea5d9b743bfee0e9276c001488a5a9dcde7eb0cfd636ff95656c4a62cba3c9d25a13c09d825fbf8c49b406026d033238d0767320626560579b0083141a3258c5e454ac69bdc08e46affbbfa5dc1b13a37f5a1a8add030bece8e4e5f4de5b67484cc6022c04d689b9e343020eb67c6677aec8142cf4c60dc1e2b9059863201100f1eda32f608526ac0d9dc9466dfdcb97af5abd22339bcbcba3a5236b5e9a9a826cc1d5e6f4747e8ac1a842b707c13c2aac74365f57ad2683317623d999e18c30432f68ccb584367a9224a320859b5a45d90e401a7e50800917e1cbafaef925b57c3d2d4eaea74d96a51a32da7cdde209e4b3f55b70f4f7d600f1bb0409551a4200c57e9b3d9422166269958cc1a23ab687db158c4dd0a805b67ce48f28413cff62090cfcf5c3dd3bd525a1ceb7373cbcbd3d39ba6cabab3a42b1a093f8e7a7d473fc6f65fb59ae341ac807c84248fc290b63146f8614026d2d806c1b95bad760f65b42bf244dc32d8f849535a545e3d1902e3da28299295d991e9a9e5b9a9cda3474f196dd66098e523918e5375e52887abd5d9600d6a61901f0461a28a852c9429591504ee28221fba727d8d55003e06dbda1ac1b444a1e759ffe767cedc592f25211bddd7fb9657a7a77e0e193a0d466b8467bf65c38f3bcf7e8c9df56d2478ec121d01b57db1884d6d0001910ad52efcb1b6ce680d28130396b6c1c6c623eeb43fec1bfff1cedf8786164a85a47e657d7661f4f8b9b9e5e9a9f14e6f3464e808b3fe877e311c0dd5a1bf23926d8f57653a8e5e010990ff7043114b49a083a833000e70f44187ca08de0d687c75a7bfffcc93fcfa4a2950acac2f2ee6bba747ca46e6cae6c6a3e148c8ec0db3dffa8787f9c7605c95dbd655813eaf92825b0b40010e67e0982a06369da9b2ca68cf8083bc1d74b43ada5a54207c34f6606161a83f9fdbd8712840c6ecdcdce26c7e0e819ceb7bcbb2e190cb1b7e383c3cec17f968670d7252ad9a1718981a8b355bb3a9ea7c2ad493d8262468d260cf48121a169e9cd906e2378c3f5b5bf82ab7d63dbab193581a908c914558b9fcdc7459df74df37bff8fde19035c83f1c4ea787453fef351beb6ad5a9883f16c2c10eb05603bf715597532463f6420291072c40c8a1d6364763330011fc61c3efaff2771696f2dda32f720f76287eadac6fcc2e0217b9eed9c55caeeffaf5e323e7c6d6b8f49721bb00a520c7a5870195d757a3ff7f24f8e06afbf7c205b59d7dec98761f6db65a11c7c480b3cdd18aab650b88980e157e5febce2f2dade573cf1e8c76fff5b4bcfb6d2397071cf927a3a3396064a1ecfad8376363630f9ab82f7d2a10f773ee6922250a1d2192daf7071275b3e8c2856d20ea11874ad2951132a084419958808f13ad877a11488215588e257bd6ba734baf96fa8e773f18bdfb22b7b1b152ff17a2f8f5c5ddd1e3f9bed985fea1bb2fba737db9dcecf5315c39cb73d6e785b28873bb9f3fe712a2a4780d8004b5ca36902d1e5414157bf6ed250dd60c2ff1d2ff583b1fd744d2338e332ded952d74d305ca758b04d428ab9a88c1d0dac80643323661590e07c32cb08300a7983d01041c461486c30ea0cc84c1010980ec2d8b17c8e9001a018a5209acbb86000421cb2d4b5860ff8e7e9f57bb77d05e7bbf1e348981c87ce6fb7d7ebcd1774c37252f8ce59ff9fd2180b819c8e1e1835f4d65f96c3cee9e14cfc446c39021cbcfa3cacb9bb79635b4462dd50086a6e9ba0990b66cb71848f41fcee5cd35fe20e0736fb97d0769895f0bdf67bb98be21f9ebbc887d74fb4f681d610c2588661ac672546953a29f36bbc25ace1de76120f6dbf7954a0792d4badd62aa055946232a623f5596776fad61ef54b78845d10460689a5de164b96d5a442246fff9e5831881b8dd1ba83d49894fc05d20f9f5fcbfc12cdd6fff923e5de837b7feb61ccbc35180684acd26b510602045b254b50e7880f8224bd34a45be984ebb2727dd5a5c145b6a0b1ea8fcb46cb9793bece93db8c91a6a058d384c53cb28624a9cb4fb4a8381b8bf5c8f39f9039fdbbdb5eada0826237cfec9ded2addfd3a53ae822401fddfee32f3003dfb9b3747f0f13bb54f27a4bc912604aacf46e9320d9e8061624a8bf818073792a7708a4563ce9a259896a3ca5aa62a5dd1efc5859dedd28bdd39eaef5f4a135140a05415326b3c9ac9cb145b56f0fe0b3213cec713b01128904b6b6b6e8aa4eeec3033e1fdbbbf3e75b7fa077d4d33efe3bf75636379fe451a592f4da4215f75209ce2a393cb4d915d9ee71cd41fe7eb8c57f3a36fa767b3c4ea904522b5a4691e3e25c65306843968f7f84a7f4dee951012a0847bd610f1ce549554a5fbe51ca7d51b59541db14b4464b24907d67e4f0d047fb2889a48ec6185b5ebaf33bfaac217adf190691660910d5aac77379491cc9d23c4518c8362b5a415ffdc0b9036b7dd5d73453be1888ad78b156acd55a3a7de78a45384e947f28cabbb7dae9e9e911e21438473d41c0b34f065549ba6cf76555357479d0d7048b3ba932900302595dcd66714cc878fad7eefd258abb4bebb11c6d44be447d3a3e9ecda2552f198b814443a4871f20d18da02f70c8ef1cf876ae328266b62fdaa6325253081565b2560409278a326e3fa41cbfbbb1e614885eefe8a850d0acc688ea96dcee54c44ecb32f5c9405604b5d6ad2e140904b65cd92cf2d60377f1ceddf0f2f2fabdbb77efddbbb799285dce6633daa4fb7c16f25e794b70553a27d509e4919ffe66d5e5a08b2644f623bef4843cdc1977641b282d0a6b6470487bae9852e3f14a7bf0f5ebef5d6f7b0b8aa3b92c0541a7f2abaa29baa7ce5a4353b3db6d5b4fd54eae7dce070cc487aaf528f488f5847a3ab1fb7085de1188fb4a5eaab22ddf20995593c92be8d1cce5a4a4d7033128d501cf5e3b8dec3b0f2fcb105faf4c2f3a721fa3b0396aa1f10ead54dc8040ad54b176869eff7d2a183086a71f28e8276da891b3f491c1400cbb33d26cc5940703137978e1e3f7f69d8bf29bf587c8282edf21bfb6bb895859f97479fd49ae7afc82c5cc512a51c16aa65184938e10dbdc9e0dad464911b72fb2bf967c23085892a0b7772a157132e92bbad5521b3acea40e5bb438a43fb2a5f3ff5285619cce1958761c09c3c65040643265c534155d292b6dfdd434cdb67c212b06d749461e02e430e05e6c9af6b3ae70e05ccbc7629b4f36c39b2b7bfb52f4f99bcf1ebf38f624a9583573e9668e2f255d746134dafd4e65dbed0efa22bb6b97028bfef8ec0c69319d9e198a0513b4e864a2e00c491386f23fdb3d35f15e81307abd1e7dc1e1a36a1186a62b4ab9ac6710e5c1a8a0287a1fdd5dd1b893abc8fe3e4f175bdc587565595f0865690474aeed523cd9dd5c0e27bcc79f3d7efcc2ef25060991a681d1056b41424a2b90d020bf532ae3680b82608f2fba1c377e3f3d8b8b2980a80a1a315004bda1922804f39dfe62180b3500d21b5af6d3cfbfc81047d96a21450cc3b07402518e145b57266dd9d4e227e3f4ce0e040904ffbd771a249e0ddf4124915f4b24f2f9af50c176ebfe178f9f6f3b4a184da49284f69f96246f34bb50248aeabbb1811cc94d0a0011041dd63a3f9b4ea7efaf0d434cc55386a2eb34546854f2e31c406a35ee3b4a3152bcf7c154bd61838e9cb6086732f0a7cab23c659024dac03ed21453ef0f06b63e82fe3cb51128e2421f093192ac67230992049f4b347389d87298771c3f3f0e39d23c9c552245d2e93abba80295b9a88b40507f23d765c210b43e0880316d5eb529e16d1b6e40e8c0c1b0d468a53862e1c4ff52bf5ede3035a86d90180de475c31a994f4dd382a9f0d77836dbd4333059e6a232d2055db30717b2aeb75af25524520ff87028d447e692643d419a8413698c24b97c786fbf1e9d6d47a5045fa26e48e6927cae2ca53af4883a1c10041d512241208979f6fed5c575f37a703dc00acb2ceb65246859510c43b1452cb95ae48f543cde52ff633266b3219303180d35ce918d68d2b56d6191ea08a54c399219548c11d5b109ba3b408613a90e1037790b9dc43f478906eb1106223513b13024f178928904262d87b75e92ead445686d48be0287c3b111f4d6ab9902653419eb59b13231fb710e21323d208c118fa7c41a9676358c5f2d46a3a6be7efdcdcea58f5fde8c2cab37cff1a1158766b66dd8a289b3a32805c26081a7a32f9976c5166986ecb769ae6f68996ac0476dc4e50249284453078d4f5e89e769bb4b299d082fc77800e5136908422149c9a0274bf9e1893a824190b81cdee4646e2cf962fcaa8b0417e3c80690a44403c763880ceba4fbacdbc51056642c1827b9ceeb6fc9d1200e86a1eb0661604aab880b84b924547f49917266d019893ace9d3998e01be6e289d7edc6cd8188120889928d3a92699e6fc248e88ecbeb0ff3bbb15d9ede8e026f2d04817a9e6835081070387cd765c601cb8e5fd552712ece8e1c13239488d343f6b858ec3e43d064acaa6431aef68163d8b016196e9b6f74bdfcd488cb72ed04204f9f52b60b996f590b8a8c8d8a2d148e74b4444150b48272e90ea235e3885caea89f4de6db7e4fd55b8f204540925bdbdd5b7fb0175eab13074b92a483a5bac7431cc160951499d039d314b983253b3707292e40f0809bdff0e3b3f373909c9f9fd752942aa9f8872c1f0e598237863d6bd22f0b8aa9aaca177d9cf5cc8b4f3ef9fc2fe585ad98b50032c11aaea20805bd331ed8a60d55264137cd18414795ae8bb27d4c6b0c8f2b593f40914a62b68226e170389f4e321070d4d1446832236379992455efc0b4e007a5df1ebf3aaba0442e402a0c84d4603cf8ddbfdab862d6c691301afd10376bb08b10b8c62ce7525ba475b04998835d93dd85ad1693db4283420644102914ac45c8706ce1e01541b819a938499d0dc2b046116e8cc185397529ee57dcfbc649f60e6e428c9d88306fde7bdffb349e98302cf050441aae92bafe44c79fc4866f59b3d96c3ecf423399cf5d7f34f904dbfdfa7170f1fadd643fff27209faebcc7528a78e8ced37c9b8521ac345b81119a510d3e69282858eca33e1142142000e980509f80d051a76e933e09860e6fd935050384d81c9a87a5795ee40233fcc988f624320011f8964f4082c0d14007c4b6b7c7683e031b42bf1ba1b70db3d0cdb23064fe08f5e3d3bb41677cfd99ceed5e797b75a987ed83e09ea733c6c5325926bdaf3d863efca8a6a664b755e13a6c8012a445f7883e11a9df3fa3e74d756a8b46addea01d4608abd904fcb66d6770af7963c63c282427428c17204a580a09d93e914a5b11c2dd50487492d50c5daddad64912c6b90014c1c2ed36f447c35eeffb7da773f1fe6437b9be46a05cbd00091f39e32e2aba1b9bc378d9fbfa659e51974130eaf80227879b43d4adf363a80948d4e876d5e237d1c8e367ed3d1ff4df95c0d1b657d271ace1d04bd245ce95b21c02f362775de740811ecf33132e840324647947d72271f0d70c4dd8a9e6ce664982e0405a6a16636118ae5700371a991f3e8e2f2eaaeac7b8aa1a9bc904f5dce33cf6bc87652cd00571c6cc9e990ce17bb6aaab3ca8dbe4132c360a1269ab75d6553ca9e9c21135758eaed9a417a001bfb3db6d85238a161a429ce70bc10c00410afc0bc829630c73640c3a883dd3135194a6c4cc54a4f2608e7e4c13599870cee6966e188e61f9339f65ebb5b8f3e777f3e4f309700c06f7d5b85355d5cef45051526e9659cc52ce84cb908cb1096dddf1b6521790d0cc1a6ad46fcf5be7b40d478987a95388772f294700a4fde40f42d45e71270a169ae7c57291c700827264fc04a23d7b64ff82c5899034d2484a2ed2031ffca55053c8b9eba3a99c4ea7fa9d3ff2d9faf23273773bd7ddbd7efba67a63bf7b3f0629d59289a84c5361860f8c49ee0acecc9bde15bdcf34b2368df65e5c3641a1b70ab0fca0e4bc4f3e79024227831091e475f051b36b8a90fa8a6bd36914097421c1429a4c2320b823d49c6714fa0b1cf544063982318d82544ac10f2c55d432d767c081bf04cd9572eefb77db6c7d19eeaee36479926dabb79b1fef7f1f5487bf7c2b835ca6b94c92c732152947cf7533bce979a85b3796d8ec431ab3536a81458e607384e2799fe485d610dd49ab8542d66dda404a888f6c8267876c4a1b2668a9b5459e98fa3310e39991ff0e439b1634a2455104699a1ca896d682d25dff140b028c4699b9739f6f45d95f210b3f9f543295cb6f838b8ff541e7b29d0579a9b4f5f890d366366723201926b855b0d250f5e3b53d2b6af9e1efdb733a68daa7828b66ea8c50dda224db8d3d21eaba7ac6f4224001f286b113a45e02899349fe1f88a109437316058128a810971cd2c21059e6a26931a02bc7509b7a629bb1727d3f997c18579bdc70b271d569343abfd5565e025de6a42d2061ac9423f414a69998881223dd2019d090d79acac2ca10c84450f2eab875767b7b76d67a054cb443479cd93555ab61a5153f35224c108c2451c04d5904010c022034a59f92c2fc9f81196483a9438bbf88e401c5bbd896828952e85056c95c66f16c5b5af28ff5e4fbeebed1583f80a7e5f58f55ad530d96575780099fb1f8b178144c96e88dbf0c11eebd2f37a74eb8a164b029198e94e5212de447ab75fc0a088ee9910cd37d06428d00906c98a54fc9a091884510245e5a148b688ab20501a12c390a83a6e10a951ef4724a9b77284e24aee2ef7f00d090f7847a1cc1050000000049454e44ae426082);
INSERT INTO `organizer` (`organizer_id`, `first_name`, `middle_name`, `surname`, `email_username`, `password`, `account_type`, `remember_me`, `picture`) VALUES
(4, 'Judges1', 'Judges1', 'Judges1', 'judge12', 'judge123', 'Judge', 0, 0x89504e470d0a1a0a0000000d49484452000000c8000000c808030000009a865eac0000000467414d410000b18f0bfc6105000000017352474200aece1ce9000002ac504c5445ff8b777b011f8e02250f0605180c0b9501278601229201271208088f0127830121160a097e021f8c01236f021a9701291f121080012173011a1b0f0e890122241411fe8a7667021899012a5f011525181764011777012077011c2a18142016162e1c18221a1c291c1bfc89753c2622f68673331f1b383134342c2e9c022b6b01193625232f201fe2b6a0e1c1b3f98774e2b9a55a01132720229f012cddb3a1dbb6a72d2628e1beafd8ad9d3d2b28d9b0a1debaacd8aa96090303161011d3a999e8c5b5dfab8fc76f60ddaf9bf18471e5bda9442d2838221d130b0c3f373aed826f93012bdeae94ebd0c6d07363d799764d020fa3032ed99f7f48322fdd7a68443d401b1415583833ebccbfe4c6bce6cbc1e9c9bad2947140302f540111cf8f6b71453ce37d6b9254498a022955413ee97f6dd777674f3531c3815c7f022ad8a790cfa3926a4037d5a087dca385e2b49bc78663e1c4b94d3d3c5c4845b46457cc8a65473836804e43dda78a684b46170506d29a7ebf695a613f394e2f28895045b6745444020c9b5a4dbe7062494247e8c2af85022f7a0226c69782bf8266cc9d88a26458ce9478210709840227ac62555146473c030b885b51915f556151517c493cc88d71ba7b5ce3ae9775534d2a070aeed7cdb66b5e514b51bf7a55d8b9ada8735cb16e4e9a6356aa6a607e5952a9694d613a30330409890e37a6594ecb766846261f846763be8971583229956b61991d3b695957716062aa072fa36145b17a62c08e7a967870a80c3b764c43c1262dd3b0a4cf585be36a6cb4836edd7d6e9759414c111b9c0834af3845a57c6e561b22b612443212133d1819763c38910932792632632328b79488efe0d9caa99cc29f92c02653881e2bf37973dc5767cb3a61711a23ab897cca373e872d399a403ea621266c2e2fc1495187463cac234960131ee19d90d4444adf8c812278d6f8000038504944415478daec98516be27a1ac607f6007359282bd01b27665c038a2e619b6a5b2c14e936c2e9cd34e9e92c81e3122d9cee4d13c810a0bbb009d01d810926378262319e9be020153a6510c605e6b6b477fd3afbbcffd8f67c02f52c7da4d62a85fc7cdee77ddf7f5ebd7ad18b5ef4a217bde8452f7ad1ef40099e4f24fe0f38f842215d288025f14494f85dda514857ebd54a9a44448c8a4f30b057f4eb558269d93980313d6834ea55a85e9bd6ebf52a43e2a10261c52f79322bb1cc7e8023729cdd83c674dac00b27ec38d1b456239a4a25b688e1b0bff825ce470cd27176f114867dbf193aa4288aa6d54a854aae02862abda08a5b6e8eb0d9eff7fdd6a06ddb5783e188e99a58a24603ee40f50a0934fc327334fbbe3fb0754331bcabf17838260d890765b61b45bbb1f03b3aaca413cbc9519f469d7eab35b0ad4c4656bc6e105c41f44c30a330a46a6bdba66db75bcd4e545b4a4bf8740518a3816dea72460088ac288aeb7a24b31bc30cda2621ca19d96cfb9d83c37abab07c0d2b5d8f42bf1d789ec2386281c6301459262a30b91941c02b80c89eddea770eea4b6749225d737cdbf3ba9e828b25064112982f842508922464647a4f9e7182476f370faafcb2714c3bbead1087cc38045194188f9c7956fc89241115fdd6be7e9a2e99257cadd3b73db7ebb9b12102c7494f572d316f84d8284dd0e2bf448e13b57654592a9044c569b63d24db7565ba605c2555922492382899e4c82210691a402089a377f4b05e58a60ecc4f9b83c0439c158a335da59051661c6a3259de7ffdba5c4e02877872d9acc43e5239c9f2a7e9252249a4a396dd75d16c5d171482244a48b9c0ec50939c5a6652d5f8994b89546ea25ae6246318550bcbb3a9f055a76d221eaee2c931c893219c2a921104117324b9542a97631caa28b883ce349d5e169244611aa2f36252c85e867dd99c2053df123931c949e2330623595b4b517054957003bf335d9af9ce57a3be8998634474a9ac00825121010120a2c4a9bf2dacd815121598ec06c3eba8be1c0b7d22dd08d1b2687acb1e8b31c7a1bed080916ca22997f7cb65e0ecef330a18a4e21951e1a48cd21d0fc3a8b214247cdd6999ae42932f0641d5c017958188a82c70a8a2ca3058d849290a104dfe6e70350c6b8565685de9a86fa3b0d8a2e8c68600448c4124894be2ea456e9f95d5fe3ef1a86caa48341f956eb71b0ca365382df2f5708041c8561306c2ea1f8e201d140360e1cfb20aa0fdfd3fbc26200261839faa5171bbe370ba042495084b16068842dfaf2b10884835456688341b5979e1bdf26bb223197f96c323de590864182d7e0d2e1c8603830a049e60a315a498814924107cf7a0131012e645529d7561b20b1e8203079591335df0613151779a361d36ba640ad517e3a0b1889788015aac264819218594d3408953529e55177110c878104e0b0b4e7ac737d88e8ef3203b7cb0053e3e5901421134c3d2644bc889520a6ec451e7c45cbccc3310b2d36877aa8bb424518d9c41263ed4526d51e285c71c23358a61199e6180a5a46553b024c956c735ec29b4720919cb70699462c48fa68b6cc1fc340a4d857da9741461c7286ac4c0c0c956313cd3334d53078995c9e670f56b6bc9789aa8ea0a8a4d14640fffaad05c742a8b2b2e0cf568f49873d790d9d15621e190159878b0bb287aec4936974bad2557699a945757575692a494807365371803a4bab8cec5571b51abdba5caa2efd5922dc384079ee70501227c75351e0e87e32b98322349c19155a0945760c80a58d6b0426658e71a2e707b4c14aa35a70d478011743de44187076372011776f328a004a66ebdd34acc9414686291235885b1717901ad5c0bbbcf954857a661408d970addf35c1d8b13dd54bc19dddc3cdcdede3e3cd00f50066d1b28f004ca917050ccb14a431bc636df2510a7515dd0adc744ba1a8d0297c95010043318de3c3cd0e5dfdfdfdddd4df0737f0f96ef4001cbf9d1c9c9c9bbbd52961993cb96707ecf7171e2af862346b290d64537e57caa2c84c430f419c72d1826931e3499ac4f180c50be8ffc56eb5f1f3e7cf8faf33f8ef6defee9cd1aaa2aa7a19bd102907183f123c9623212b5bbec8e9b65212057e080150c229fef6d6df57a20991481f2e5f3b76fd7d79797bffefaeffffefdc3cfe7277bd937484bae64b80a3be32b66bbd50f9dc385b42e3e5d0d3db6c0cb9a6681e3fb2d519c81e2ac7796cf03a4b7bebe3929ee9c9e5e5c7cf9f219fa0fe1f4c172b4f757a444caca7494911e491613f8447ada563212dd1205870d8efb49efec180f08965075912593c9cecee947e8e28278e0ce75d3ff40ae64b3a52c7618b6da1841abdf741af50514179feee8580833022e8671dc4df267c7efdf3390dec6466f1d86c092cd2291909e68ae2ffb03fbe85d89eed7698641cb4dc668fbfd4f4ea3367f9242b56909b884120d90c1cded5d2f7ff61e3a3e264336b6b60032a1c726406212b080e6f4e3c5976f972d5b7fa7bdb3ac92e67974c3de32072dbfe91cd4e67d1b1595d5c25a82b2324c3d601cc7ef190815571e59273f7a9beb93e2a458dcb9c3e391063c17df2e7d2241ba34cb048962e9ed1662b27b589fb32585ca6e9bd62be4c330870ff793190795d6318150d782279b9bcc9222b942243b2446429e944a82ace901164794e7c0f7fb4eed70be96f0e9435f97339a90d50d3d183e4c7ae0f8110f2aad63565a282eca08382825ecfa673fac917d06c99156ca619c9858713c02e9f79b8d5a2d3dd72152efd8326640cac230bcbab9ef9d3d7180e419641369df2c168b3b8fda269022990292f3135ac03423084c4f4707f6c3e6a7c3c3ca1ce73b5f89dae0e0d6b2d86cf5f1c35d1e1c3fceb29e3fcb6f6ccc0ca1b635f90dc72f44527c24f97a044730187590e8b0a4d5743e751af539d6163ff5d17b452e85396099c3dbbb2743a8ae8863e3b9b470d931491114db644a914c01897fbe078e546a46d21ef49ddde66e6d8ecb237fd832082467189a61dedc4ece624758efdd20cd48364971e30241719bf468cae9c5e5d7931c8e57b95409ab9a89e2f2c3ddcea746657e77e80b873e40b8644947037d8a086b59cc0e1691adad3f53469e53826786c25e6d16773e7e6e9dbfc5592b994aedd1a9ccb407cd4e2774e677373851a8f50d41545386952de9e32710043d1f1bc24c99a5e42fb127dbe448910cd9de0607de3cbd187dfd676ee587fd95b5d49ea6e9a66db79acda6539fdf1a5ca8377581534b5636a7998f8efcf4fe6fd4b09e4936d6d7e39c6c3253c80786414844b273f1bd7df2f68fabfb3f80245b2a594019f8a3ce41a33a2f4ff84a6866b894955dcb59c113c84fd4b236f24c1b1b68c1bdde63e79ab1c428bfcc2cb9bbf8de3adf7bb3b2fac32ace276f70d8c2f6391886e16e6d6ea7c57468cbffe3d5fc5f1259f7387e8080850510c40081b4d9311666f2488caba3925e67d7ee8df2c019592b8facc694cbe8dc53da2a83470b65415570515386e466ae2e9c586fb4a48b04dd03047081a57eebdf399f67b4fd0f66078c30805ebe3f5fdeefe7718908623a827b04d9408ab88cd3c7827ae5d46efebe4c1e511c88c3316d1204b232a7462424641492243c1c94178ce01f4562c8f7fe450609952ed8687c7904d908045cb222ae4981d9a78e0bda04fa04bd6cd37697416c0052172130aad4cbcb6a6d90a5f50b0481b3991a5a263fc8a918ce7be0f8b0d758e2b2f1e5f6debe1fd8da009480acc884e3d1a400858c8138189b95913bde8adeb1822222bb42cca997d53a1599e4fc38ee615936d32bbb7de11fb3e061b3c3c4d2be0e5e3612b0d82de0b436a049b6e4bd8e50be7350505994798a6265269ac81c0072032e052748d53fd5f3f33a9613c588c72f8a197f2c0529eb477c5565d690973e2449d552e39283c50ed67763631d36225a88fb533d4c5331a8ef8f0d3586dcf288c34459a33713bba59d99d191f3246c442913c948b55428268eebed5dc30f985a6d290195f5e14b22d9f87a6fdf84bd7e72b2be8f0e4f4e4f61219aa7fffa2302038f5c5593cd68b3994d268a8a0e6afe0838600c24215f604151947a622633ae97bbb5f1f8b0baab78c73f5bfd78c9d1bae75f2e935cefd669dc441c5b770f5f3f7ffefcf501522f7ceee87f671082fc1beaf149aababbbf8f3aad66bbc544390add8c07a7694cb7bc3cfffc051197a45e4f92c6e35a35df2e6f1f1e28ed84670dbbf5469c201b5f3e80652c20414ed64fbfc9878a5c3c0ec9f7a110e561cc0209a270ac39f8a8502a8d460fb75f2f10ecb73b33c8668b0e432c8911cf4192d72f82743051031208581016f35e6f3b57f6be54b8b2f2bd44f279f2b2118f8bb7ce7d282ce0b8bfbebebb1f0deb60cee352ed765428f10e591607c30b28a85ff4a4441c861d1bf78b5fefcd163be518a42238a6235f2ca997e751f095ea204aad0b460596896fb79af31a1416043e7958218d64521a9910c8e9dd29ea739b53a814cba1ac2712eade8ca6240e5e280c0010455b984ae0426e6f2f60f9d8cdd674d74f133ab56e694905f3177273addb937af5723bef76c308de6db7154c27b3cf56db63745900212218b9e02dfb5b1b9043606419cd565ea8348bc35ce8bffe5077382a2190355e480f3af554269bfd34ae778a8382c03ba20fb7f7a7a8b66238496ad5eaf9259d0ec24d5cec96eb3d74ece8f5fdcf17f6b9dd3b062505a98989469cfbd088d3dc0d63d907d78b66af85e205e018148bada35cea78bb330090df1108a8544fc58eaf8e5ac541b3922e396c942d0a7d62730c42b8560b24cbe0e549949b25a8aa3a80b8777d6100f12a6784679fbdfc23254a0948108d20218e2823cae95b9b469303289a45c0680d5bada37e79d814d6a8c545068174727f5d9db55af0d766b359111c94dde2bc775aa3a394670e2a6b1e52c91249c4398eaba32f08971f417cca1da23e3384aba99e140f26131c4df7a2662332bd763323344189b37ee7ac737674d46abd2d0e2afca209f605c3a79b2d406bc1db43c4b2572939288be51a8671ba9605afa5c3b42a154612410e9c7cb9fdf163593e9c5ff5791534f43fafba73b5ae18a4592e49042f9c765700a9516a16fbdbc7a9710a9ec3abfed9516baf22ac9960c79ba935a1d9dc4390fdabab7eff0cfe06a2d8ec769b339aee66712d90a02b2cc824c94482ebe5dbed76b9ed5d7d694020b38a7588ef60bb5be70822190f92ec2d650c0402efa9523117cb7ad8783209f1689cfaab7fd6da4bf38b163090761323a4df148fceae0e8f43a131bc42a9ab5633cd83f172081d3f8da980e435ba32a183907833e5f3bcbb5ace87570d3b0a1aae591024d7adb124c12669827b00e3bb1178cf54b671ad6e1e9bc730b516a3c5d461bf552c31af5c9b01f08f14d416701cc7c6e8168ee362b14fff071498ce8ee8cd279c54a9553a955a8b622238476eec3e3fcf77ab90130dbe9d59e5400eb6cbdd318111c1244164be5936035b81f7bf57ea19514c2422ac47ef5920896cecb03f2c5196c0d6165848d35abad8078e4c84205f2febb424cd7ab2c7fd26cf30fc20e6d1ebd53340a29a4a2266aa5eafb75a86b23284150431fcb19dabfbc15804214a882570f08180d1844e779003b940ae0f2c2dee3f1cc21cd858472076263dbc4ac53c044dae600b1e3d8969e7b16cae22838c237a0dd85f35bae59da4dd44eddcbbdbeec20a31ec28f8dd8e9f7d7f6ea73c7a0009aee052d48814d9345accb0c0a3a502ba32b8003bd593ea03a7d9b5be8e0eec5e31a56137e461454914b94c26349642197fa8935e5ba4f8e63842a834ba2733505a3a74490aa944ccefee7acbedb0e16578554983e2ddcee068567a1670c9697441f9204dd0e2132a15b4d8879dcecd6054b2d901646bdf68019041a756bb006b72233f03788d0a5106764c2515a1b11995fac953204192b009512c7bc167557d307f1504f9e9d9ce9f5059a008bd80f7ac16744d0519f7fdabc57ffcfacb6f6fdebd7b0b83b6d3198eac66cb14c4c4f060b63add2ef00d9a682356d282c05b21a9380a35c8889a19d5d3a76a8d56a72764496a6e9fef20e75d0d7b950499351c44d0812d4debe90bab1dd2a17c82e27ab5b8f6efb4bcdbc1880c0a4eb3dd1840ce651fd4e24b859b6107b6cb7fdeeebd7bf7a6924e0b3cb36832538e74ddbf4242b7cf3c99512149702489f47137dcaee71506f9c970002182042babf75cd81048001da1b85c1095d0d547a95482e8e4345ba0ead64f1008f875be842e7661a9efedbdf9ed975f057e8da1d0d677a4bb195cafd7cea89124731a8cc09124757738bfddded951348fcc1aaa1e524b24695c9f95410201e040e5052d8f8eb0aeafe1077040d19dc820168a71442737a18542a9149d442e100440844ec6a3d1c2725743bf6b341a12274092da479f3bd70e87dd8a82bcccd1a4968ed004803076f8dc11c9e389a95d3ecd3a3d35eec31080e0b82ebf69b64d6f10efd0ed1b3a7ea028b3ac088044e6b41a8d0aba644635a79923084f24d12b9f9f970fc23e6515d939a4316d90c557f4d99a03405cae0070c824f2713c80d82dfb086e7da2085aeef215897c277a6dbb46a72866bbec278561ccbf803854eaa768046ba0b65830f3796ff5c0e75336208653b41663596265014060342110741ab4215fbc4d4479e43891af1aa04b6c364091bf40703d397d3499ecb2c51f86fcf8dc1cb81468f8bf6939bf9f34d2358e5fc005c9dc9090f1c28be9848e7383d37281b15436829619d32024d01cacb2118d8aa180b491ca1e1489864494844453648341a9d5c412f55c5037f6584ba3cdb1a9daa6319eadb566ddfe23fb3c2fb6d9fd03e6552584c4f0e1fbfcf83ef3bea306f29de574e2a35f66269f2f6460d89515e4deb6f15afd63172ff1bed9070d4d49a208ae8e2e04c18b5a383522461eab16e80475e0369e4cb9ddd08071d7d0d0d4a46fd20be8f097bcee12f33f35a5411020617446285c730b2d93c3f67bb2ee5e5d1ff062ae8b3ccfbb47a6f48d3f40486c552f3236deb02601e4b80a8253576b2b548186ff02c562d36213e100101b800436e2d2815aa5ba020127c6897dcf96276507b969f76a21d70144fa27487b5797d99c6cb4eab1d139f5c0718cc94e1aa62116c30ba5284513d9966bb25af542ab2d1a7bba1a8f970e340a055e94d74057648d1ce7db9e995cc8e05d977282b4046ab53ffb8c2ccf7947b6f4d6a4b9eb2a47be73b49a82e1ac193890e43e5e86ec6c5a4fa4fd804240706fcedad8a81fb25942e9ded552a9744029a0fa220878600924197bba203b485d8bbbb6dee5e3783e3e37b72b5c81e0ae02f444c2e18f8513cd84e338df719f5cbeeb6a2e1791c400594e240116014082d9918dd241e9e0df0a882d2451d35adec819ddb33025b60cf4c879eea96ed457cb11101f9843043193bd912b3d04e428ce771e5f81c0ab98f6edeb95422c68ba451a3a2c1044c8d9a2c194377e00208a9f28f0285549ea39688adb9961dc5c90156421ae157d2e09727d7f6bd780208402389256fd10704412c52df2e6f3f98e641233089eb496cb6120212dbdbabe83944a1bbc42415114b47728c33458609d71ec298c563dfdf28288f5a24b0490b1ddd41508a14842fe0e41fa460ac554d0dc014f931d66bd1e5f4876e48562b9184983576c1d12043d7c0943394b34f862750316fd13e4880a31d41a060bb0e41b792a37c8cd0551278a9c2449ab5ba917b7ad58b61003deb830640939ba0bc542daaf1782d9ac2969cde5c0df87a2d664a8b0b232188905a3b61c9000c61001595a0dac6e9434084269f058b3a696e139a3247ae726ecf29e72bc39cce98cc8218d4d6fbdb8d5082084e28a03f4488463fe21c192caa44cb950c8128a14ba4321cf6071a518f63809092e5bce8620de27810d490920e0b5683c6bceb02c0715d83d3ed122378851c749bcc449eea9a97513d4d16a5409571c2bc582276832e8ad4397b1a0c5e10839e027e44c47e68b2b89088c54518b2d07cb66b14401e4c9934089a61408d28647e6b5b53c2b198d5c7c7ba2c52eebcd7d75c322a8c10248697f6bfd811e62cb8a1c102941e42827228403e8841c80442f2d1843314f3881c1e541128bc5664390901341240a4154948a803092c4eb44a338363129eb011b18108d60b31084f76dbe9806a7db0851851c901f832be5622a66129a6edcb881204e8f2304efdb6632f963d902e43b9238435164f901c2285408029de4da35b02812c74b4651f4f54eb6c8799eee7add30b41016fabac4335c60d7d0d048f4b0118e7265653edd8aed1e0a807528eac4b88ae22045da24600e763b1cce10d2450124b634fe244efd00a925d3aec8f100120f0cdbe5dcdabd792723b2b820021886dfbcdd4038862c518727bc522927d2a1cbcb6f9797979807105351786ac941f7009254b15c2e9059176a40145324b674b1ca401351018b4aa544109613454927ba5cee91c90119b7476ede451064005d18e61713b6ea6a60450a1510246bfffafbef7fc23a393979f5fadbeb81572703afbf215a283db85281e0ea763849740148ba1267352a8586023da8b63648f55aad4e8c8b92d1e5f20566ecfd325ec4eecf6c0005c3b0bcc432b46fca6020cd2deaf44412958bcadad9175c7b2fffb9806d67a03b5caca024185c5158216736002557a9d028b1b5b7e18127ad96e7e27130292ed7d8dca87cfb23d7eb7a4657195404820b24e1f70d06814496d3d39db8383f3c3dfd7cb69699dc7a3ebcb7b7f7f2cbcb2f7f5f6be54aa51a5b48128ac65222a5a6952a258228db284d2dabd5b230b58b3c48e21e5fb0cb96ed3577efb5040082a119a893f0f0ccd46a306093763a10e4cdf97925954e0b49bf21387d2b3dba333a3a3a3c3a391a195e3bfb747a7a7a7e51881010200941aeb32a1a628b52426429956dca6b6c7d3dd411970b25f17933f26d90d4f4dfb37b598680401566d4ee690481268de6a47271f8eea2376d13bada0d5de6d64e730e925e1f84762274478a95f3c337879542b7c7e34049b04b8ed394ba9e863447108db2ed5fb578b78f0492e8c0618ff5da65ebedd7ab200c80d03c4842b3fbb805fd1da47cf6f9ec7cc994ec68371fe7efe78f3bf59dc71d42bb35d765b144caef0edf5eac0c7abe830463ebab30acb30c587828c1646aa7d97a1d344497cf0801e6decef4c807d2335005a16996c4d6afcdc041403c854a62e1ecec7063f3e362fb431846e0bb137ff25d56b3cdffe2ddbbd3f7d0f73d0e02022bbd246994542d8b49a2a234b81044c7f3e223178792ccc9b68b5883203c01a926895a3cba6522204e4fa19c4a8fee7d7e1b0f6c7e38ca2304c27476e61b4ccdbb4b1b6f4edfaf2520b21c8423e88c6547d400a2d1aa09088e553057b1e8e474be473fa324e30b7239f99abb3df68054558446ab42339ba65b55e3e428ac64fddfbeee7d5e8dbbbdcf3e2c1e3dcc773ecce73f7c78f8dbec6c297ef0c7a7b5f9c4a0c711ab0a124bcfc721c329aa96c60718dac1c6ab6970f14022f63d36723e9f7706b2449674afb9d3df1210592d43ab41134c12b57baad566422beb1c2cc65a85d74032e21d7bb6bcdcbb7ff4fffda38f334f9703a552e9ede1a7bd6c763eec707ee7c8f6d2142e8d5aa9442002a266d0c649ba477d2ec814dfeca45cb794dce91f1e73f3554568b029b49adf349950118b333c3f2ddcc89d7cdd3b5b9afd6d7f79a6f7e2ddc5c559a5777c75c31b38050e7f3ad50d08d00fe1b7070441878585978028af40580e6ca3d8f7c868f489ee1999fe7f554d5d4f6f20c061230149c039321ada3d454860824a05f566f3b79daf7b6bbb8b471f7797973399b5b5cccce6af7373ef3fed3db7d962305a859c5541c2e35077c12ee22842628b82c082bf0a5d16628bf3f53d867e227a17eec9d24b6aeaec4f46bc71ae2a097e761ab5b4e9f7fbc1ab473d61bfdedca57f75b2f375e7f2c1c3c507cdd30fd6d73f4e356f4d9cfd676fe752c8c5b2310841588e7476a98446514146114481ba852090ee105c3092f4f589a29b13b74765b987ecfaddb5c0c4887b032a307c788c54e2680de39e021018959cdd26bdb9a32377f2eae4cfbf6839ff9736f2348e03192010808121020192984cc342620d60d9a6bb4a1d753214c9d22638852a198733096eac02b1e3629291590a6a2d725b92ca52a42e674ac8992bb49673f1dadeb5652fa7007740b1bb76b9d67fe4decf67e2edeecf663fad5528685e3edfdecff37c2647ef33271f3686cef77df850fdfa15c4d7fe8791e8e8e2da3568809b14202b1a4f144cc0bbecc331905f4c928da9d9905c29fe1e61d29b312b053dafd989cb0bcd1dc24ffe3381ccce2e7c313a4243ae1328df8f47a481f7ffb67f74f4d34fdf43329ea0d11a9d59a42e0451325efd2ecefd0ac486a170a7efea67cd55f60fa824b188acfd0e6591ae0699c57ac56c785975f7c665d1cbf3e567d3d30019bc09901bd7af5f7e4132fec83e90beff268e110632030f842c1baf3e6ca284b018610c360d4d1a6167328908c5a566935a291c8e95d6531d7e1683dd44d18b45532f83830a3c4c1277f3de3f7d0910b48943348fbb7efdf60b607c7ff48b88ff481cd1d9d1e985d14106b292f7082e642a857a2a979dbd20b97866132fa5e010047056d674351c46ffde61f518bc9228d42d49b22c0261242134a66eb7fc7a8691f4b0d9fc8dcbd193fd8fbfe2d83f89525fdf3364cf1cd0ba98210f473291f622b6419893b1e24ede45f9302427e5d2ba5e0ec5201fa58e76bdc149a958a84b094bb74190859973b9fd5f2dcf0ccef644a3b0c8e51bb4761f3cc948fbefd12c1ebddf7fb140c3459aca8d8e6e0c0e42f06f377cb43444d2e5780fcf394fa365c0de92f0a4e3bcde982c66d725538ec44a79b3d8c9880fa6d05d140062c8947ed1ee42a24051b8bdf2ebd599d19ee8c8e51b374ea7c01b6838e044a87ec868b3a0381d2f5e1bbf5ff3f202405c0a478b438171f4f7b3dd029b640b903f5e374abc6c4a5205cdc9572543ea60c4f7a6a462514a487a5eb4c5161c00c524e6f78af79657a7676110ba0571998d4f37487fb1b33038b8d143f6ea21909be37366c32d10087d70828f6f83f43b9501412187e304f82def47ee2a594412cbeee5cd44e754170349648a9572dccb7b3c9c37160bb1b2e815bf59060942e4fae9be6716a13d3d4307166193eb91f690626ebb22f2ec8a804d23b808c236c9c098e22463b9042af2217f3cab9985a226c65443d33bb71bed9d4c148b9944212fa2370c045c423849a6c16f4ebcb70a12967dc9b9cedfa64d095df945d19f661c00a1bc058ea5973f370844a1e13bb992b3ff144451c6140744a4132d3c3218f2b09a2f69d67a2d3ca1e968b33ae55cc1a98c04cfaaab6872dde180d3e99193112289cbf7e8caf8322b886c59721e462196a18da1a1d93e38169b726f5c4be796b69fbe2cf308102781d09ecad56f93380864cce9e47917fb1a560995354869cd54c34943371e742ae083573299845430cb48b99e4f020e271fcec6fc94f7e56f9e2d2fefec2cf7dda682689330949e9e3efc8df6c11e23b383d7e6ef2f6d6d6dbf6c520be2147c6e9ed2afd3c1409cf4e2077c8a83e3395b8241c7954b86696ada5e39aceaa6d5a9277983575293a9a255298b7e7764c2873edb333111a25984f897e7f46e083bab20b1f75734fc8d46690d1da5db01c401f1bb4467eb69d3cbd185205fc0e3a626d1716a1297323026c0ad84d30219428f665a7a65cf48c634dd943af4fc020329e89a2ac220319e7e52388962e2778baf577776779fb749d8228e86db23f8a04b27ac1e6e2ce6e846306cf2b4e6e7e8c5fafc91809b904e495cdcc098cfa9b0f644a169b05fcee64dddaa9b9629260de34e87eeca07af4c4e26ea86a692413ee115982492f487fc0472f1cb9d870f7757aa20b9cd0c421c2394bf6011b60502c7e6e6660e24001108848f84fdf4ebe058b853fe1500a228542a698ceae2516fd58a6ed62db3508b69869ee9ed90669cca1474d3287b3c13b7c2be01a70d82c86f3cbff83948bebbb3bbb33a84d74dcb1f6609ba0344a1b2b1b096dbdcbc9fcbe5364f4110ed917000e65038c54e5cfdc8c803dd630873d444174db5037e91a244afeb053d56328caf3be25bc15ea6b52c2dee09df4a463cc8f99c1f205013cd67172f7e3e53ddddbef390507aa8faf5d9ff22650d6d0cce5473f6998349ac9a9ff2afd315087b48ff729c62c73bbaddb16e9884c3170011bc11244455330c4bb70a7249dfbb930a063b917d1385f542b1aefa2313b726c261d12f9045908b7f682d5fba44cb9c95dd8774a17115c56394950f7aa0871621e936c65c2e777fc9aa85dc28e0e45b3e3b3fd961e2e0dcee315ff7009c8b405c42808d1df386615a56b1a95a8605f17866922ed8a3984825743112bb752b1953b55a988f4cd030fb9f3f2ff7f5a1fc2db2c72e76112aec02e6c2f4022afb22fadab9530e02d97a998f1388cbe1e2055b2d22b4a92072fe10ef23dfc27fa0600a8150282e966b5aa562e952ad6c19771e7460b1d89b2a4a1964ad5a2436914c26b38665aa91308184fefee3ea85be219ba4da7efa823d6251adceadcccdd92e4518f3f0aca5ed97f9068170d48b309d0593500e7608a172c047bea5509971a37f0788d8cc6b799d4074635d2a4a67ee177b53894c2a03594d5b181a3117ea9a1c93690cf50620d1bea1d1e9c5c5353ae93964da2dfc45f5c327e42a1b63be0da235dc6c06d4deb9519800044930de6af8bae97d1d61242443379b72956ba592a1176bb25129a0209f9924383c99425dd7e4acaa96d492a617252b9f946362a3f1e6c76554bea1219864718d60aaf3397ace62fb29ce165d936d73b4412ae51fb8bb0051c826f4c94919189ed6305b9e6ef22d87832fc769380485dd506b3568c7a6ac6985d4544a925267d4c1c173575252a192554bf93c2987ba24e96ab9dc78f3e6f0f1ca85cfd8052c902cae2eae8de3156f6eb50f3309e348a7db204d0221994245951706987114ce5db6eaf16e3289c3e1cd97dd34d58e8700829f572f8b79ad30393c3c099b9cb185ef82516005958e46240553559b87c787878f0b173f65bbdd05a6dc17d7d244c2dc6b931d7673399d9eff3fc85d0281f275d2a30a2041391910dccdba5463267138fc9526221e36f18b6a5eab55f486a86ac5c973bd780d893397139412a96e5688a5a4ed558cd6f1f1e1c1c1e1db7fbc5afe346a932055d1fd0046b2c930da01924e8fff06e42e2558a221e58857ae0cf0de7c21a307c8240ea7b70510bafdef156b154dad98a298d568ab786e3825a5ce3e8be81aa640b14c4dc5ef297fdc3a3e78f7eef0edd5bf162fb17e63d4bed5709348726d63e4e69831aae974757e6ea50df2edb7775df69e8aa35d9593de7d56f0b4a4a9a24c6f52ab28bc2afb38e82e34d379a822d310c5f2de83cc7057eff05442eac003195d417ca70c3cac79dccab7de1dbf7b7cf0e63f579fbcaa5e403305062a8420b9f6054872cc1ccc16f4875c6be5fe160bf6470c043a91f5561c4a07922edf9286531a818c41c2c73d1cd2194034a354d22b6151360a89a960976d928e68aedee14cbd7578d03a7e7770fcf8f1dbfffeebc9d527f5d5cf460082c3660c8cc43ee9717688a46a5b24df78f4c7470892ffb1767e3f6966691c0f5aa058145151c65165d092a026aec3de78b17b41081899505949bd695421e8dad04d2f484818949449249d2dbc7137b489e945b7c958894963e2eec6267a21868e156f8a2d896e5bf953f6fb3ce7059d899d76c67954aaed8d9f7e9f9fe79cf7704de45f345bd45f8dd45e5b8d391c52afb8389f66502af65dc8560b996ca6d7e9441d81535dc77fe4ef74487b70267652281cc3ad0e0b1bc57229b7b969fd5ff8fb3f906f8925936f689f9734989ae24d43c1724bb8567c757ff9deb3945884a77341640895daabebe1608f6fdacc24cd66732dfa6183c9b9b0104a8433cef1f1085a8bd1c1eba3a333f6df63eced71ec6cef1d83e35db17058dc28e6d39b9b9b5eeb46f8fb3ff21a1c4942ab417412e506ed18d26e9b002145fe95c8acff3876efd94af42a35878d866ebe0ab8b9114da8c9ef1bbc2ef5f3e5d9dde66ea432a4adf589d08bb0ddbf48bba331bb8fdee82768f75c3adc5b078fdebcdf3b3da664952e01a494b732886e23fbdfdbdfc846e750fef6178152d5e3d6c3a9bbf75990b1c97bcbcfa2b5bc95603699cc74ff245d09dc180a07073d732cc957eddd7cd588c585c13de69116c627428958cc33130c3a46672f3b2c026367fbedeb53801c96f4c972e9e0a05cde24b319d5c593c7dfdee665513e33436b5a8c728ba39dc2e4e1dd474f12a1f5dda13180a4d06545af341bdadbcd7c2b2848d0a3847dc2b7e87d006e36769b4d04f222ec89c551895f64a96f9d71c0b72eb5864a186fdebe7efdfae5e9f1615eafedc8970ed2792d71786d56654dcd49f6feb7b76961ee0e53d0968e1c291c2b53e8f39f4e2fee0e4d026479254a63fa357a700418f4c4c29f9b9b4dcffdb1f800df126e86dba16db4581024e887a4ccc4dcdc74420209f9d62512b0c0608e975b857ca946df504e064a65a50ca253d7b41481f2e0ce1db1bf76e306029e1ebc9a9ae2dc850ee53f4f5f3ccf7f4120ec5bdcf89226eddd5c1669b7c7f52ac34132f035fe12cd96cbd28bf2eb0f3f96e2ab4ee7423c01ef22909ecb61c0adb6b6b6bcb9c37cc0ad6a2b279379bd17c997408cca9a7a559daa7822dd7fc018141b53d5248c22f2e8c93f5e1db67d2940ee2da798849faea2db806950c4cf8d0617839807be46ecd0d1408b13ddf6b45f7a1c4eacf6f62ec4c320b1cfb45e162307b305f2876bba40b95c2a97dda40762c4aa03488baa4e0f94ec770f1fdce0a7e084d144f5e8c9dfff997957220e809c4902902ebad69816eb502291719bbbd1cb778364c06ce24387aee171a773229388d963fec5fef1486c76d43efb5bd256c5a94e19c398b35ab5e552e10020e5dd0ee42caf97d396ba8649b45a6df1f844faee3e75bc77ffcad3ed0f4f13fe0fc785520338040891509444afd026153d672576a9afd2a23c825c90d06121573fc66ae7f030dc4af278a450ef702436f39b4004c6e9e946eee0e0c0ed3e301aadfab6f9c271f1309f6fab33120558ac4a028173e9b50a45a7b6583c39c966b392f4c3bfc1000850f4b57d09231041825a02a3dd5c43a3a88dd4daa39cd3fd6128249004c3ae6ba09f9e581a1f5f9c08c5c3f658a477d8ef89fd6a901e91a94e3700b1b414387003c568ad69d007500ecb7d0a954667f5c210236a080245eaf47a456767a7420118b202184a4da0603b0fb28c8e2b1a458947bb522b0c92d0fa1634f98aef75038965a07fd8e974ced118b41a8a24b2d3a645e4ae5f355d11c519460020013799d1ad5704dc6ba5649daaa546e3b65a6de0a0ac451c208177693b3b9b9a1af081d786a63e19e33c4885248582128df2723ccdbbbc0a410f5c99414217eac286e7907a175e44e2915028138f38dba7a5d8e7a6add69eeb47a0d87ebb772aab417610802600d16954f5ee4032a0a9a9d1683446381b625d4d59abae8e35d16a154442200d0d7dccd14726c70848262b2429ca5e14f77f125fb4e44824748536e52db36960c089e97a623aee4ff8e92b641ef6873f6f26a102befdfefddedee9c6461523004184263a9d4ead7107e6354a3738e847a3518982c820a0a03021f72214226116e6a88208e79249305f45c5c290d8bbaaa5e6fe66e532f02ebae7786e627c2212f74b52420afb9ded21c9f3197bd6ad47dbeff740b0b6b1c6c618696681e137078adbadd6a4e90fe2802446a51a1142e997fc4a219334550c2842982f05c99977016525d56ca045524c5723028417591ab977a17249d70fccd16e753c1196247b38d43e9788053f0d72b47d2a23543188249d0e3089ac89db1d20107ceb361a75c8bec8bd2d2a4abf0a0af54ec5390ec4fa3910900c4d564848941583a18bb67741c29a08107e369c49baf81171e7843f129762618f27d23e1e9190b73e41d2b303397e8e313f3f4f28691569e216de84e8c07746fede887a481814eaec559d15d76a60df62ff6a63d73a0f32465d9740e9be494b109084d6b579582112035f956f460a1e1e1e8ef823a88a3e9fdf3c174fd83f2149ebe04e5590792299af5a9a4d3817c53745bda02083249518f9891867240cc2925402655280b07ba51aa9b4f33188115a8ba7a34ff424325a184a5dfd03039655c47a6c3638e3374f64b361df2fbe0f562bcac66b5990a5f92528329fac70e053cf206a3584b05a8d6e7a512a8d56fa40456412edb94817f9f72ce0dbaa2843b22af7c804ca4a8aaae2083e47ae5c45a514076dda0d74429b2ecd379bd63fa0679c71ccc4cd0bb17078f6976ed96c3da25e64030c420ce24826cf4058124d4512a33567b541152b7d0b4934a245a10051541dabaa899cb7641441024544c85748842257a8e48384462f8a122a28ed6693eb9d00c998421e14f7d18fbf5d9ce078b9b146086b4b8c904c328a9e28f4fa3a06a1ea8e32489f3690101345891a355190b0556569121895af8a7f0dc961c2b22c3f7b264846d8b7a202e52a2d6d7141a117cbf3570c1232657c3e8f2ff8d1a39bc441f346ee80409664908e0e90e8e15469b816f996464d203658ce664373020c0e149d52c9247a81a2ade270756fa8c48a485e604155ac86bc8c9212282323551071b1453b3c0b53d67ae124ec73ccae5ae2be195f30f8b10b1d0507c6a61c27a9a534c2030c1df800883eadafab4be3538080c44b2c68b36c55129d4cc2c544cb7fc8ca9c4fc572fa02c5f9ec2567624661495215145a56a516d2e5da3f3c3eb107ed8b2eff2c8deec18b8f3fb50e0a0e80902270250102493a1449fdbc3e2d736844acdbb857e457b45a087a5415a55ac3bd3c65af6adbf5534f137ed6c6413254adf26367f59148aec9be158df249543aa5dd35e0eaddcf178eb39e706f6f62167ee518bdd8b70677640e06994f8b40678e0ed604bf585aa5aa80c80436210c9a2db55a09df526b3472174c5d97282cda8a9f75747670d4f4891c5ccdc2153b87c2f14eeb135130d182776397697f377ff8ee58f25b7ab398121d8eeb171fdc04c74be2f06ee5020224cd20c9a606802818041c947d2b82784594d838ec8d4afc8b9a4834f5f59005d6225884a7c92c1d9de0809d252f86199a147d0ba1aca4b8b4cb9aa0aba445e266c38ffbbb44f2e183c5e5f70409e442cf3a7a23e4d8c41418a04c8b1a2e14a980e899834304c1eea571ca2b423e47116fa34ebe86fb6116858d70d8d3eae488e91479588ef98a2e43678e36c66b45f8cd53642b29ee2a9b5304b20b90fc61e1d5bee555cc17745cf8ce90ad3d32c756ce9a330284d2535a41e1d1d1d48457ad0c525fcf4da3550691596ccca273d370a56a69a9270b701729b3f0c4050cce5cd5feeb7cadffa22a0fa1ac60844fa1b4ac70fca71a5357520608c224efd62d8b996ccce7b8e87dc55b77de0a0e2f0ab65b833c8bdf5baff87f5967d0dac6198461694112bb682556552509694fc6807d1126ffa098001598140cbd85c4c201438e3915a19002c9290a0672e90f881302423f40bed8145b6e2f6d4a818292bfd279e79defdb5deb0b8e9dd8d8fbeccc3bf3ce48b6c1a107019947c211846ab52cb5087285dc422f117b5f0b340472e9726230b5c9512f6ba387a114ad5851deb7b6728fe6f12349afb7dfbdfdede242dbcb2f88cd8d8220bb7efffc70b690b9f7d9f6ef7aef8c56168f07c2319eccc53049220880a63541a248ae2ba0d621920cc530d81459b7129e7a92992fa128eb7f3ab1a42c61363ae6700e0e8444cef724b9508e9b5b47325bacd78bd9e7c57bfc54f3fb8ef72fc6e36a0f1c1391f99008e5215e21b3e4364fda7148a7a59d3d07822e22ff2d1c8a12681c60bc7cf595ca558fecb8aa9c850582c9d380e41c3017e7173c3720b9bd7d0592c5c9f4c5c9fac36cb1f58ca12f1b5dbcfd7475d593a16f32895874199132058274890132ae558a204a22dd1047deab653854cd53205687297afd37f2b65ea7e16f68cf078a170d601e9d9f6bb717927375c83738b7a079f8e77ff8694fd34febd9f31f46458580034bab9ec643be8a8903db10f468030109409af9d44205360e99b22422aea14892c571a06d452ebe9a3ba0f22469ea4796c6be4f3471303ad89faba744dfbf21ca2ddae2ea706757584e664f8e3b859910ea4038c03149a48d93a3ac2049060291d400621dd115adbd9e82f408620724528eb1ef6a57b78ee45d8246998d61051aeb326cfbaf1e99e1d7ccfaf78fe5e6547f33fcf1c9ecd7c37c40aeb109ed61720d6172459352752db7eaec85b8a3267647f220e3606a211478e54104057f508ddbae18ebab3649d85ad2a1d5b1b438bcd8e4f2d8db18b8b3fea03b3cfbf8edb2a38ffd1fbffff96827eb21aba571883ee67394dd44ab4acaccaa1b882456a018957185200e836a978e489d380e79418f2449102a8c31b1182439336671191603e39ba67acc834177bfd17a339f2c57bb7cbefe74f1f23027f52b2c4355e68291bcd1fea19fb65cdf06512d502566501e680f695227b502887040264a12b353665d3f425d4b124752dece31d767fa078a038ec630a94eeeae4fedc9575fb39088d4850379408e440bae34f4968198cdaa3a855438aaefed6541d11622690527ef334bf5ae2c8a4210793b732f7e9d971ddf2c730540ccb240f4c5a02120294096ff74d800a7b313f7ec53c9ac3bddf34caae460e52508b5ceaa9907510ecbaf3d557b168a5ae8dfc0c7b312333084f220e6f869c35c92f90d4c169a2e3c6657391a7251c9245c6e78f99da74f3e3c73f3d4e6a32863ae9f3171ad3c350e03d1af8aeb08434b2eae4e80c3a35d5d112a79921011b1040b8c4743a337c659cac466b14258542f9cc4e096bb16102942b9dc2aed7e7af8ce72ebf2fa35c671b1136418ba598e20a8bd5596de180d9165ab82a0a8527a74593a1fd6209171ad700cc47412c426195ab19c395698b21f5e84c5aec4054417c8121ef14b91e4d6251bc8e8e8c39a72efac96afcfa0388370b3b56596f610ec104da95ab74c2700d1750a4583a2a5efbb47e20282fb10d831d55723bff82648d916ae943eaea1d5d2f965608bf006bc78520daf5623fbbedb978b23c666f3f10c752aab7b8ad2ca40cccbfa98c8b58eb31d636f8fe33a3a4801414b58e846adc02402ac5aec8282861f551d882698afc80491ebe8f60da4ab226909c85c72eb8b7dc7d48bd9bb8e125dbfc6aaa4e556e65cdbb888d84085786832a84e6ad8fa367b8ad254cdf7985744a1422afe250c4def1a19942f9f5dd5228783f15b0b4dad419ffe4bf30b175686dcbf5d965c6ebddcd5e2bb741cc2dbb517159593084bafcd4bb8a968ed4d6280a4672b146dedac52b5ed13e69412c7fc6cde54663a71bb97b2b963c9ac7e5f2d31c3622189a427eeb856b2c60fd91cad24b386fad89896061741a4162aa26b210612f0eed6a81148dea79889bdc0c10f2e84842076a03d33947990ba194a15fbc038facaa29d44f2647eb7397475ebf9534a041c0d37a90d3c489a2263ad6005e664c5fd9adac71a018b4a935bad5cedad30d194ca53b80a6cd28f73837dd587e41ec87e3f3b2e2643311b13578077a6cfd1494eaf2520c6d177f1536c07d276d6220efddd4695652ab9429cefe9e6e4bdef721c7ca84e5a7b4c224ef8f42a1c5372203657a65d37351a0a2e2ed5dc3291748ed6285b974b26960b1fa109826e1851e7567a83d0a58eb48b71c50744cd894b2b36cdda1648e840d8e1737a2f8a0403b207690c1441fe3ad03734b94032bf3391948ebf4ee14ffeb68080e260c08fdcd7a225b59c204196d4bc1adef4b1d9c75ed38d873979d0fb66350b8e3eaf94763bdb184585b6a8d525c203c30a525818a97144be88de27e6524a3f7e7ab1235a078833ffe6cda4feaad61193444102af50cb8f9c0e5c4cf226cb83583868847d9bcf2cb079c742e98a227d0c8f22e916165f62e469815bc3646e9da434fa613a2a1d6ece860df5ca79415966a5a80ff08aa1d518e498a549cd7ab8b1b85e982f59d655341874905ef34caa36cb616e028ecc48b4a388a9d550102e89b29840efe5332792d2e9f1e87fca73d46afe9e31c20000000049454e44ae426082);
INSERT INTO `organizer` (`organizer_id`, `first_name`, `middle_name`, `surname`, `email_username`, `password`, `account_type`, `remember_me`, `picture`) VALUES
(5, 'judge2', 'judge2', 'judge2', 'judge21', 'judge22', 'Judge', 0, 0x89504e470d0a1a0a0000000d49484452000000c9000000c80803000000754435920000000467414d410000b18f0bfc6105000000017352474200aece1ce9000002b2504c544547704c141414303c48323e4bc3c7c7d7d7d7ffcc662e39444c58637a838714141729344027313d2e394634404e404c593946533643501c2530b08c792c3b4c44505c161820303f50353134b3907f2f2d30a986731f2935171c25b28f7b15161b383538ad8976232e3948545f2a282a191f2a2e37413948593c4956272426515d67fcca674c5863a58167302b2b352f2f55626e3f3735b79381334353483e3baf907f404e5f3d393b4f443f3d322f2a3746a8866b403d3f91725e9f7f689e7961444142845b47242b355a6672987763b79685987e6eb49381ac8f7c281f1d705b4f99715d211f215e6a77b89b89a8806e503f382f2625554a445a473f4639345d4d458c6c5a87685849576885614fa084728064558770624e5d6d45536366737ea27a66f8c766645c542a313aaa8c78484548636f796b6158b1988a7b868daa9fb17a5d4eae948458504bf0c1665e564e4f4845a38a7b986c567d665b7d523f926a55907668756155635147b090738d644f373c453c424b6c5347bba08e372b27b08673b8897749322a594137bf988ba8afb0a1725f72675dc6b0986b77834f4c4f734e40ad8b6f67564db98d7f75808acab79e828d93b07e6b7d6e5c6542361e1919575357cfbba763493d8b95994f3930765648949da23e2d269da6a99295b0ac76641213136f7c83d1c1afb68171cfaa63bdab97724738dab265694e41aba4ba807669ddd1c2d7cab9b2b9bae6bb665b382c414851be9285bfa890875040c59f9195615497835bc8a798a26a5a898ba538231f8c7e685f5c5fe3e3de9390a7c2a061a48d5fb39862756e67b39982b06f6d968c9ba299ac978b76b2a38cbdc2c3cfae9fa39282ded9cfb87574cccfcd87837670737ab4a7b8c6b6a5af63487d7e95955448f2c9778a8497646666c8b078c35b41ddbf91debb7da59c81eeac62ba9f71c68558bd6d56a39c93e7cea647704c1d82028f000000e674524e5300ffffff3b20ff3b3b3bffffffffffffffffffffffffffffffffffffffffffffffffffffffffffffffffffffffffffffffffffffffffffffffffffffffffffffffffffffffffffffffffffffffffffffffffffffffffffffffffffffffffffffffffffffffffffffffffffffffffffffffffffffffffffffffffffffffffffffffffffffffffffffffffffffffffffffffffffffffffffffffffffffffffffffffffffffffffffffffffffffffffffffffffffffffffffffffffffffffffffffffffffffffffffffffffffffffffffffffffffffffffffffffffffffffffffffffffffffff001fe7dfa7000037464944415478daec99416bdb7a16c5df6abe8037b20c41016d8441c24646324f2e029a382d2675d4b881241b8b08055e6439049a0cd0065e67d0433c43413cb7ccd0557070718281327800a7d8768114129a925536c340bfc89cfb77da324bb79e3e775eae1dd9211bfd38f7dc73ffca0f7ffa3fa91f7eb821b921b921b921b921b921b921b921f9239224cb9576b359492693f8ce2edf2349b9dd18f4fb9d5ca7d31ff41acd76a5d92e571a4d7c6b5792df0d49b9098a9ceb7b9ee5db6ee00651aed3cff57b836e14f51bed0674aa94bf039272a3b376d7f7aa9a2068a659f5420f6577e757a3a86b4790a8dfe9377acde4b493541afdc8f63dc710784ed00cc3714c9453778356dd8d02b71badf7a3e041a7579e6e12e811d95ed5c4fd43128e038c80e20cc70ceb61b51ad65db71578fededd4e659a49928d4e4dd7500221d0072fcb3c7d0798614227cd09eb435bf7f4fb2b8d72726a49cabd5d1d378fae8218f824068e174591e74d90544d85571441085ddfd78b7b83e6ff60864d86a4320842f28461868e69a0ab180b904499c3af9a63c8a224898201ff978afacaa03da524957fb74e4e4eeaf57a18b20b68482081c9c27168334596459e334cd5daf38aea5ea75d2e4f2349fbcf17efafeaf51330c0dbf5d0719cd0d4389e835d7848218a8542415134d3a9ea56a9a416f7a246bb5d9e369264a5777a71754518a4063042367c610f7498667092c48b054992380303ccb3bc5271d9b3fbbd89a7ca5793347f6d0d4f4810ea2b4a109623b08a611ae830c310d05f70be280a66554554d6f4fde5d26eb733a84c1749fbd6f0847c81418bde0a1d1ac498ba00e08805f38a729213794d520433a579557b2f95b26aebd17aa33c4d248d8e5b0f0d43e34491a354af9a94869ac6c29136164c653498204bc817454b2968b09aaeea561405fdcaf490547a918da6721c4c5a96259041531462a259cca3a1e80f9a282a05b845e10425a5ea351f7671bbc1fa649df23524e501866f9d3515321c59c8f4605902249346317ee5d056122715c4822ccb4256554b351f6b72cbbd3bd9f6fa0a122842230bfe36cc5180b0506781885e635da61159819744e937492a484b8ab25cd47d3f0882a15deb4d09497910b038a420a45e625b8a288bb46d29bcc82b6c5b41af0932e2e40e7e0aa22cc9fbaa6a59766b38f4bdfe9490345ac39124942104c3ee9c329d962e5aec0dcc01499265452a1420888c50b9736729bbac5bbaef622b9eec4efcc524cd2ecc8eb1058fb3ad9163cb962815f8d1368cb741271551520c8353e425e90e387e038a9c457fb9b65fcd4d0349b281b34868d2790a52f02335788622e2ee4552049026b44aa554542aa5ecefef2f2d89c4a2a8de30f0ada9d0a419f998be2c3498d53f15762ce4392d5bd8ba3455d5f5aa65d1a9deb32cbd68e9297909eac829cbb6bd6920a9743cd33961fea019c5f1a3f622cba3bf241ebe97b3a9d43291587ecd75835d94ebbab592aea696ee484aca9a0a4d2a1ddf314fded39aa2719f5c41e1c8c3dc0509132b9b5a2e168bf7ef97f6eeeeeeeeecac53453b3b3bc1ae6fa98a9c9265bd34f8dd6757b9efd69df0eaaaee5094b3010c57b0931504a1310c10552fedd58882181e3e9c67d57df830da716b5e0abaa8771b137d60f40524c91e76ad3aa5fba8b7045a53e8e44b76a7a72a1af46062ec3004bc5757b717325b5b5b6767dbdbdb17ad96ada64cdfeff41a133c3b8e4f926c77b06b9d0cafea985d9083a728a4c70f4872115ba2016fdc7f74776d657d3d470cabab1b1b0b99cdc5c5c78f0f519797871f3e5c04ee55884ce94ef0183c3e49b917d17904a9488b23812870b8c806b18c0d11ee00c78387f3b70091d8d8801af939603c3efce597cb67c7e7efde1dbdbbfc707171757135bc389d1cca1790f4edd0d0aa277572bbc283041c74c45d42e6a58a4feebffc692df7709e2062b10c6a6b8e405e313d8ecf5fbf7e7dfefafcdd5f4f87c3f720999c2ae39334771d4d11ea27210d2b99362dda4944e4c47e76b9f8fcd14f2bb9dbb718c742261ecfcfcd311022f9e7e5c11191501d9f05b47c9db63abdcaef4452c979a66684f03badbf4c0c7189b6abfd6c76f9c94bc6712f41181980c4814105947f409383e34f241f869e3d1cb68651bf3799875f6393f4ec909ef5924b048e3dc592c53bd2d2fe8becf2df00f280f448cc428e7c3e4f927c04219f3c3b383e3a1fb11cbfede2c0e5bbc3a0d39fcc39655c92f683d1fe7bc54858988386407e7ef2fcd15a0e1cb3b1d8c24c3c9f064a9e4932f797c5c7ccf2d0e4e868c4727e781a58bae7076e746b32561997a489c18518d1c210a188d1852517b5ff62ffe7e2f3bfafdcbe058e85cccc0cd448cfa5f32397d06b91999edaeb1c286039f857cbaf56abb6edafaf4ec42a6392241b4845c73004851d75af4140f2f393473f3db89548605cc53350241f4fa7e7e6f2f93744f211e5f0f0d9013461ba1cbf3d75b1567aaeed767f9cc4897e7c128f9e2f8ab038e203855dfd0538c821abb398bab0469e1550d2f9912aa3ebe622ac72dd604747c797679107513cd71dce0f2660fa3149ca03bb6a0ab45ee1680e1285ed892f1fadc1e9890db239dd33fa2a9d2692787c449547a8e4291f112907c7c472747c70d8f5755d55eda1db9a8453c625e9d8558dce1f742c97b3d922b6abb5959507b9dbab1b3319dc721a287008e66f7e06158363e299f85c3e4397b9d100030bd5c1d9ae871d1f2795a03381f1353e89c3d1b82afc5690b2cba5e87acb5ddd407c8ce66e7c8eb488cf8c40c8fb33d00a3cb82e32558885680ebbae6d2d977ccf6e4de0d1ea982474c4121476a092e4e5bd75b6216e27120b8c63e40fbc6746158b314d6680823100135183bda2f58bb13c3bdb0d6ccbf2746fd8ffe624e59ca7293c7bf620666bebabdba31a81a499b9e31f05893316fab600a459aa58e60d930524c4f2b60512b56a3841eeeba7d79824ed359d8eba4422ebd1fcf6d95966616161d45970f81c1b57d72433f4192388d8c6ec2c821f6f84ff4794e38383c3f9dda0a4564dc39ec0e3eef14892839a0112ecf13c97adcd9f6d6e6e5165ae7b2bcd062f69f2b9bf16668902752f71ef5e62766323f366f3f1e153a6cae5760051308addeeb726a9e4aa1cce235853044d8fb637374728b4bbc719423a3df3dfc5da8a71100a116d64b6de100a589e9eb502dff5aba1db697e6392f69aaad0ff0f79ce30fcd6d9e6e2274d3299cf2eff58d72409a6c98f7499c5b28f03e49bc557bf00e5d9d337ddc02bb99ee977bfb54f1a7baa06390445731cbfbb0592cdad0c912cc4665713b1912960eccf2823a75f37586263162fa050da3f7dfaece9dbf9c0d7adaa6a45dfbabb1a25dda07f4b7386a3bba79b6f01b2c9f488c556576e3384d95ff1c2378633c3b0c0c1dec0c0cf7f8835ff96c4d62d8e3300bd01012604b9fe3d7864cb16dd949aa0b66b5fb4f127aa80230e096e47adacae505986caf118928692085daa4c5246aaa8a10166268189666060e200f79c33877a2577ad67db39f7fe390cec1ea63db89b81e7b3bf6b3debbbd6164978eb4119d7f5c74ac9ae05cb927f2732c9bb12f45738087ef9529bc78427798224613d9008a2c8ffbeca242c3bb8899ff10392b03c86172c2b903828eae7d8f40791490edd764a03be8b4a8c69f36f937c2462264902c125d5dbe464efff9f26504b846c81cfe092219b587690298572e13a1900123a110bfdf83cf23bcfaef776a5664ca91c4b6812790b9244c691040a86143bac078b82d59095c0690c5b973f800c93de8b97a9b100f5970592b7932e5a0b243a9149863ed895a39aa79a9f47297bfead8f15624b2d63ff97048bc930f1597895b16ab994dc2036b9df1f57b324e94114d464d20579620f555e8b4cb2bf4841c73836f674d43e3bef6379deacc6224f4ea80797358c8e7e7c40027aa8050e74337de8b9faf83fc292fe09a02c27df2e689d4a4d2c7efec3befe3b490e27e931fa1fa3a31a1a482c49961f27fbc2b30a7eb05754498685523f2e9008231652361fdafa7e9f6759338a72c25a665dd473261efff1d2f8bdbeaba24d8c2a694a43b916029664921c5b42c5c0d882ee9d9060af85ae789804980004bf34478431cbb5d50a290fa29cf42d9512fd5c9988bf7f2d32c9b3f34482526a288ab203892f09c7aa3c2cd43d946418198435a0503f9848097630704408533cc4407f0f05653a019a84debf1239ba863ec4128c92fa8b244c3846d08bc8252cc9ea0708ccfc416541c9c25269125a19084862206be532c0944fa0a0389f8f85e2efc53ebb86dec5134f959493a11c93016c15c312e20f47b0f76025828fc4922f930c3cd88351f1f92cf802027bcce4a7eb1a34bfe5938372e11344d74f742c762e3ac9fef4cb9f804449394a011c63a3431c191991935936b9c05f28422693916788e3b2c1d25b4cbac0ecc2e4e464696161763e19a9753bdd32d4f9ebcaa296a1e847d0e4b0a2552a2966c5a95d24247209a6885c2df848d24086c3a41db1490766dea6d71b4c3a8f7fb2edc84e4dd15ac7e242c0c717ba9d1a18e283c0a29d8e254262fb2eacf231ea29924c2dce062c60d2317820f6c113431a600459f47a3dcaa0b0092b180c9a389d3bba54df6e369b2b2b2b8c13f4b4f007dd2ed8e1af1f43316d7cfa1148b06bd4504aa5d3e9824409e3f397b3d8a7247d900381c0ac27803323bd1e00820a05fc040d0600f103c85a93acb56dc7e2244458b9bb0bddd637e81a63f1472019da9f4c6818083020d1f908091b598e242d81d9fc42c9e570b896961af8ea8190e02567e0b854da5b6cd7ebd95eb55d8c461bc546d4ef9f8f602bdfbdae4cc7e35747fbe293e0fb93a70cc338a74a012409877900999f05ff34e56456e08967db4b51b78e33180c2047ce90cb2188d7d89883e54da753f80996dbb20c0758e72b9084f28f4182f3548a52324ee7e27c122c97346c8d24030b250760ac5c4e5c36d77ad56ab5e14dcd705c2e8720b99994d768843f46631a41666600260d3198fcdae97676bf5c85ecf1a3ff884f32b45f1963205118200983adb5b1cb04648ac114585beb0148bb58347ad3b0650e69b89934409c22095cd3698202cb6de2773b9deea7abbc5dfbe5e48fc3576293bc3a8fe1d7699004fa0ca93412995f58aa67b3d97a0302a8589c13160a002804244d40e65a48d96ab58a46a049b9536efd0154151cdf69e76577f7772f442619fa101a6518d0c435cff2d06a406c4db6ebed86d18b4103cffd6f1478fa034910a4b7d66b41befba3c56ab598e6743ab7aedfed74aeaff2f9e9f99ddbdf7efb536c92d7159aa2188a71ccf311e86423162815f8985318ff02c8a9c092464d72c2cd16e40f28e7588a7a026e7fbd6ad499743a69add33938cae767059267e2923c7b719e18c39c7701893accf38128ea3103d19f36b6aa3d58d516ec1c485239433068e0d290ed1059bde6c4d693275b13cda97634daae463d6e08afcee7af47a17c45977b0492a117ef5c280abd688944d46c24e9f17a89209008ad62034207c2a8d79a6b9da66782b691118561c66b9cab66d72e57b6066b62e272bb5a8c7a3d3a6be7f3ee97e9d09165f33148b071a418862e59704614f1010928027214fdfe463dbb9dcda2302d08ae9c222391fca24051aacd89e6361c6df8dbec5a73bbdd2e36bc6e53bffbb90b7ee54b72f5fe31485e55b4949276c6912412b1b8519239e0f02cad41fcfc7bebf2b2d9eb1531b86c32954a264551402a10acd130461b515c7e3f041790c039fc2d14bbf2a91e83e4c5e1794843d174e9234eee9226370169f881e3c9d63f27b6269ccdcbcb1ea4c94c30a35a5f374b14869411208ac52280783d5e7c9b0776067cb28f8594bfcec7a62daa3df1495eec6fca2b769ad2862c8444e749bb8dbdeaf62589ffe6f654b60e9571ae3197e61412d5fad9ba2aa330a48b5047a096001f181552f0bd2983d47ab2dbe91ee463315366557c92c3dbdb9ccee5a4e9382181e0f27a8b9006972b6bd53a0450141f7e0baafc8c412a539d9d9dad0fff12e4d20d646915b1ce204c8a3399384e7a02a5f1e02ae19ad9d9b8179de4eef6f64dbae110f224c25b3c5edc7b1d20a2b0c3a851d8f2dc1ce6bbcc7c7671716696c001e6f66280cd8158440f4e21375bc76d6188ae930a3df5eb9bd5c721c9b9db34e5b2605f029a78bc7f2da88145f2e88d692e68936fac23098802289cfbe1df79dcf03b990a075e5610a57094a89ffeba777f2f36c93e906c06a33465279af8743a1da723108253410cf08fb0d98c6418486e4014995caa50600fcc4150997016ae322f5f5c5c14ca27e56ee1c80e249b7ba293fc790f2419bf164878e8797db03570ed8d816f4793e2f580a507908c0435b9b9b95857e1dc025b61d2f4e3b0db6c5dbe281400a5bc5b7e6b5f4292bb3fc43ebbee90c40d24e05678d6e7d3736ecea423b143b239a5e3a055b4e1c45b85d14544914847a4c20b229cefad93fbb5dd5aa150a8d53e868064e778556c926790281999c94e69e7791eccb0d410944b6d7a64496327c51982641291817d03091165d92cfb179952e2d73f540f20d0c5d7cae55aed5b68faf474e7f8f877b12b2321d1bb982970f56a14454dde8bdaf4c12074ef3852c111973423970c1faf93f00255ac2a32c48792af52e1ddb301094e8aaef32588aed5d5df1f4193bd8c6991a103d069916f47e0287bf0961727761969460031e39671cf37378092c9ac0a6363b8bd2c88020bc2ebfaaaa40bcaf74427197a777bbbb993aa53ced924793b353e6e7e6021174946a081d8c27576860971b16c9504739bab1baa8d8d8de3e363a2cad71abe6cac1d1c85f865c9ce9ed8790287d79bbd9cb1ca300b3e20e1fbc277baf04b2b2ab2cfd5d54c06c38b90904ddfecfe9799b37f6963cde23817c07fa0007a0312a100454c181971069da81083992cce2433936046600c2eb94b4cf3a226b3c2346f7622371b71634a73939b2580afe46e956ad386086cab42a5456e015a286ce9dddd3f64cf49bacbfdb916f551500dc0f379cef93ee79ce7edef8f9f4d4fde71346a5bf0698705ccd2de355d5bdba9fb231b83b5ebb7c9dc6fcd42f3b8289a55db3ca09c2dc08c8ac736b1d740d2bb7e2759d341f57d90733d7d0abd0694c78f51f7ca4aa3592b2453c9546a10095fe0d4b5b1b6737a1a79fca270fd8aefffad56880209148d11dc5b5f987eb03a0920ab93ebed9602101d6d02ca7e8affc03ea3285e70cb8d46542f140a5bc9d4fa3a58f1c1d11a80ecfceab73d78b3fae63f1faebdd2da4a468f777990bc771e40cea6a7a7db8a78da762d00694695be9e9e9ea79d7faca73a6679f3a20f4acb4653afd50a6098144cc8b803bc7674510fcd4e3d7bf1cb2fd75e69fd330524c765b318b74580e487e9d50ec92af67b6bab166d44b91e54cd3afc850d50d02ecf0c0da8f6bfb0e0ae44efd0f4d1d1dac5dbba7f731e58afdf26f75349fdf8b84813f958646a7e6a1a64d2d13682146acd46a36118040b7de1b804954383cfb9a8c301248d6813ad923474502ede667d9b86def5d56bd749d78714a7348e2b22e19af54ebd9d02a34cb739b0eb859a0ec3bec2ad2348012581adfd13f871d128da58690bbfc071239c61e80c484e43750328e7da67e1aefe94c20d70368a20c1bd16a6220b0b9393ff0769369bbaded0536df3d45012d06a7a03d7f0707155d171256f25aa0fb4b381a9b38b4fbfd67d40b295bada72ea57dd38fb5c530c43069520d4186e622d409c6f6bbd0dd25e4175d40aed3ff45abb45970e0f7315d9ed4698e50014c780a228630386f93394896f914b16ae78c4ebab48f60a3a37d51727ccaed948e4b5378267843a207a131750754774d9e15859da3d0637aafd4bc75f8ba59226038bc7236b994c1151c6c69411effcdbd7a7a1d0e9d8c855f71dbe8ae420a928f39c8734538baf714f6ebe0f4092e84dcd68031dc8b1ec6eaffe4ea0226afaf244ae98c964847c9e95e301b6544ea74b332b20ff318bc57672920df94e2ddbd77cb2e04b94ff6ce00c8a87328efa6d91ce5e364caa28f665c8ea1507e386aa5ddb2fe2aa3cea6325573c4cf3d8a4bc5ad2cace44225d713b1887d5123ba96ffa82fefa0decceb525fff10e64ee1e8a180e9d786d5ebc3a931c415d2fafcc7818061c48069052b99c29e670051f2c52ae8aa2488aa290e185aadde94c6464ab8361c6984d1feb0b664f0efa6f84a46bef8ec1e065d4f151d7265ef41b3118920390a28017edb381001b673555e0d3e92aae9de67295d2613993a6699aa7458ae7d309a7d3ee2c6b6014869965257fd6ef7f7eed67b8ff171b71175ef18f7753593c576f1919501488143325f02141920441c888d544a2552da7d12ec5c372b99cc66b111941e0ab2d4071d2aa6c75336e39afe6b39ba72fe76e88a4ff33e6edf17182cccfc66231cb8082c17b793f9d8091a70470245e4c249c89ce6e5d6eb788abdee58ca6ed6b8152bad54ad84db410777b18399e0f8580e4d54d9174ed8d709cb2e82289e0e2ec6ccc661973407238c3b7079be7457023ba8a1bc180919b80ec65626929b79f9b0854f68bc574b5da729a082abe185f6459550292fa76ff4d91f46f176a0aa39204859794192b90ac2c574427beae006e248865f4a77271173020ea378e978e211cee1eb61e3d6ab5d2e596dd6916604666f3aae4f26537bfc1c1e7af7f7de1e01f038e7c98122595651763566666c62dd1f63f3c7282cc4bfbfba5e26e1102caf1fb4e3bc6f61e48beb3b70e2bfb55bb3d21c5e3ac9a575dae6cdc6f3bb8411260d97eeefb23ed525521ef613c81802c98ed767b2b9d0104e0c8edee2e014803bed12a10fd2d13807088fb2c55fba384c4caac002609fabec9d475a59763faf74e2822acaa3c388a3bc0b27cc2ee6cb5aa2dc439dc5d69bcd7f5662155689ea7269385e929cb889b2d17676236260e6e08248b1a2549541066e16f71e7ff6aaff9bc0e8e872549e4a580ccaa9ad8be0e986ed9bfb3a7734b63037aef99018ac2d4e0dac6d1d0d10f168b5c9969285edb6c9c773a45351f57615296247f3dbb7dd324fdaffc610a1fe4e2b5405e65c9044cc2103f0e5bf6b4268f8d582e2e7a773636cea63736d6ce2e161c3087e99cc16b752f0a091399cfe7058aa25cc12c44f8ae1b26e97a751a225daa8b1485b8065ec6d3d544757fc653291e962a8c05483e01c9a7c8dada4e84d321c73f4f0e0dcddb3ce08726520581b9821419fc36ce754592bdd31f294a12c222a5b29ac097abd504cfba152b0490dc8c1b53fe8b9d076f6d3da9c239b6cb646f4f9f9759d4da2482eaa27c4122eccfeef5df38c9fd9370181cc4459202cb6a9932447841b64276899ed4c05072fea55d5e5ea62efb923d7d36374cbea4d94c4a82e422c32e507cfde0e649bab67d4042916d92b8c0d309b114b07a213556f4f3df4174da566ab0c7c07820ac9374374d0a2e4aa4a960c8ffe76f72d7ff8a24732f7d5498a44891cf430705b18a0703addebede6481fb1d438723d93bd86b60640d5f8f218649d24511048c83fff3dc2d20c1b3aa24b0d0b424a912458882908788cff5dd4942bdd2b6087c4183b23e9934e0d52156051b12667ce987278086ac5f7cb805de05460906c31469a641f812248e249f5f9465c692842a12cae1f3da3910150a9ca2582d168b17a6605915696298308eb65f5e7289e1bf3efc38770b48ba0e66433f8e1366185d5512f1dc172fb101d93a92fc0b6e6cd5f02cd132d691b287b15a63314f401348f3f0e8b8717c942468a0f13d7cf8ef83db4082a21f274ce0f18224264cf720ab87e4c5ca7106285a1828a50290ca6b90cbc8ee18f345eea66ea391e81e1da6610082be9f9ffcf471ee3690ccbd0c01098e2e259aee42e141f31a8e3f6719636439a06584122f9534168fde5a6510096d361987bbbb8787bbbf3713217ff0a7273fbfbe7f1b48ba0e9e070953379e9322f1752e232daa01ecf698d58dbe84a58a50aa04026e2b54ed8268369befdeed369af1c1c5eeb0ad3efaa7277f7bb7dd7f1b48c02a94d969328187759beedd3599a1662905648f9bf17802fb9932a064844a05a601060fe3124640f97e7cd8386c368e668f4e8cef9e3c7c7772ff569074edc5c9bbf79c08832fe240614b8982a6053c9e1559cbf069340a2b7b6c5e9bac0a101411657814bcebbfcc9dff4b1b791ac7517fab36891e5382d6561cf532934932e1a4263b66d275426162e6488c6a34a6a3e776cad0ab7bb7a1c6a059a112daec25a443c9ada363a0b35ca97449910207d756f6f60af402259565914a9583db3fe49ecfa485a3dc52db2ed78e660411cc2beff7f32dc93c715efefdf5875dffc856e4e7fbf68f82e45ec745777d951ada50e472bbba5c5e28f6e3bee1f18db5e8fa58662c88f65f4d2d24a1db74bb0707d03a26201998be7f3de5dc2d5714ee70fee3d0e4b3e911174174d597140187cbe9dd44196c2630015d563299421c683059fcdcd33f883612f610ed2eebe573f7bf5cecd9cd02897660ff0848ecdfff712a90ec6f1fe801db10045a2015f1ba57c732130b0bc96432383d9d5c40fbc816a693858b23fd6821215a04d43372f3d4fd5351d024abd2eaedbd8f21e26f4efdaaa3237976a0c7e90c95088867087b8f275a48a55208637a21893892c96bc9df1546d00afbb35d5d2ea7fb26f3f8cba951975cce6aa2acbd98fde024f63b971f9e4aa7cfa53cce10112a81c35c56abdbe88f0b859421087a4e0c91143e1ffbc3d9c1af2e406574f527d9f46f1f2fac58e56cb62c2b6af6c59efd43d7937383d73e4ba73b02414029859c4eabd50af347bf3bbcb858484e4c4f030404fccdd4c58b97d166fec1c1b32e20599c62d28fd3717e40cd66b3702b6bffde7f1f965fa0c6ff7577e972473a9d77f852234e0248dac13aae7ef768780c5a7cf41ce5343a270b6363d06b0e5cb0f6b4b7bb9c9e94237d2a3d95e1079432d82b5bc9aa62f1f6c1ec8723b17ff7485af22e000913980e8eb809288e10f3d0518d7a46205492c93850a0c01f431399db7a16623d82bc954fa7d38168e92b4dd50c1245c2f5f28d7796e5fd7be1bb3839170a3280c2fa2e0517bd44a8a7dd4920927e8fa75008a692f15430150c16a21ee894a1e772ba5c1177ca00999ab85afa7359d3b2e56ca52cd373584efbfaa73dbb71fcffe7133a46b59756034c3ecfcc8cc783512fa4ae10ef7475b9dda3a3d14530189494451828c36e17b4ca4e578f7374a41000f4743eb0b1127aaebc2451c8de394a2cd79e7efbd38b1707077bb36f87f3de33a314a3a99e066f9cedc8330e98a3326148c521029a620816efe8583413cc04a351d4a6785d3c4120c13c133e0649c28eaff1d65d5929d735217b7b5bc95cb9b6b3f3b40a59e0f6f583bdbda3c3bcef1cff848b0938712b92f1b18cc3e10ff8a0b51a8da01dcf4404c2c11d0e2f8e41b7120545c05968a92a41b85301475d924beba50b4545d6ca88a448b6750ef5617451abd4766ad56c197efbc38b23c3bc0709fa50a3fd5d3a266d876ef1abf180c38150c6e31b9970045d9b41440850c51b0eaf87a31ef4c210aa9b213ee2098eb3862453becc26410a62512d6b90be74b2fbc4491bcd898aaa96abb55a05fdb652f9fa8875e69d4966e7ef7cfff0992c2462b9e55243e9eac638eb70ccc074353e792913e681248456f9f12b2bc665a52b3ccf3b7b089e5ff1dcf4b1f97c1abed889b5075da22e1421528044a25a3a9b318ea42420432cd5b266b07c732461def1d5b9d97bdfdd7d444a4a8e0692a55243c3ca563cc0b27ed6eff7fb0025eae54b50f079f88e00031f817309c63067b8905ca82b8252dd7a041744b128c33dae6802d5dcd94c092486d372b65a016fa172897e54aa20cc9b3efde55ddea90672fcfd1a4e898aa60a4022760109bf8a5641822c80720586f7e09a3712214a68f1b671204d409bfe14c413a439a3fcc4b736bba41c972bcac84e65016fe96c2125d26cc3e81cc44aada2e8d0c5a81a62a9bbccfe4b92d8c155771f6194a855ab1a325722673d0624eb99b82fc0a25861fd81619816336be1084ff06835211fd9444f198faec2ccc23a5806ac95664092d5950b922ee5e0ee2a5a05919c0012dadc6ac140ee4aed6955b7596c18c9a1bf009c1f6e1cccfe3ccc5b6ebd9a9dffcb93e7149510918fe55c4e482412627b430304ca1accee7ea48a830df8877dbe89c9c92db8f757afa2171cd736d660029e04d91c8ce1ad34e38b6f5db5522427e9b2ac2a4a5613b0ee13739cc8e116532bdc7d70d84e4da64938381a37e32427caea3ff7efcdff8ccdde8ac47e6fff994493b4a417054e552c524ea0692e87481a365733f1f161006118078a9780efcac4e4d656666b6b6b6ded4f9f7e3a796912bdbbc351e7802819df58dd1cc4494a40ee824cac72d8d089162127501693c982515cb15cdda9e880c21535b52849900b10f793fd83f9d9ff41f31624f6f9fd27a22448b9628eb374376ff77573a220709cd80eee6a7810ae6f7f45284cbdb40c07aea08b35af4cd62f9dfd6238e07f2908480251b2ee5cdac670011e1745d135990492e3e036d26c6a32d9300a0a4bf5695624299cd4354d555438a9a09eaa3c3bfcd79df9d78d766412c4a1e7e0f1537e2c0ab6e6e3666ea9252189204a9d840707c5d195f106096384fe0c0aff2f8cb7e50087dfef40b19e7f99b8826182685f5ac691c4b22c690a0d2426519768dcd2d4d46a3353b4aed56a9a446266c82e32f002060a18689b65fdd9e16b463b2209701ccac5a2f23705ce9ce964776b424424129da075ab4182f68d225158a67e38d81903c73f8ce40010c77f813802f168e4f4e9d050df363cf810d19caa89f8d0896d5d1739cadcda6442a14eebe55a55a6318b05e7c00c45b9b82bed421dad54a103d014f51019ed95344722411c8a2cff5814a1208b545f5bb709e3e8b6e69860e42ea88cb71af8cd57a220140763547c7443c218c70c80e40d10860d4c2c0e844e1f3bdd390406230559116455a7ba3bb16251e448dc06fe42198cd6b3b56c8eb2995a6d18448e280a1c0da1a24285a9562bd0ad95cbb7f7a1d73c22897dfe00e90179ca6c4be404ec93b6b6665b8cc37b5b621c9788c538ac2b74ac817fb08ef63dbff2571da57e000500199220923c02c9f42f0d75024aefdcb2218a282a3a3ed749c1ff017b995b1b0105e52bb952d30494cd5a9b20a1d110ff14d8518679c62041ea646f18fdcc1b49a07e1cca4071c6f61bcb7951e7b04f4eb69d6c34c712e6deeef31c14c604bebcbc146a406f29d8329e790cf859c76b07530f1e68fc993c33c5c248e6593e3ed766a0f46de3a4006acb22d6dd4b168b602f12b3981a1b9b2081919c52adc81c666935351e3799718ac2d141ef2ac0522943d0405353ad7d0b43cd1b488023ad7331f3afcd67cec7383d479b1b87dada5a5acfc41258efc933094482f5f52d4357f200ad4a7e89e29f999981126840308614e864440fc3b2e77ca9e805acaf7b68a81750869621b6ffc3c7f9bfb68dde713c91362eb3adaf5432040b17ab9214a1510d81ba7ac75db1cbe05a0baebbdba1ad8b3da6d5c501c60e600ca4526829c50130015a96eeee4a0d059642877f350c6feb88bbd1e39a40202d300ab73f64efcf2327bdebedf634d020bbcdf3d2fbf37e7f3e8f1367d80b467da9566b8f61944214a020c0bcfef6e34fc681e62abc2020d14cfcc1f2fa18d63ebb854083691effeb8bcf3fffcf7797feef74f5f06f4fbc6ed4ede29f27314034aea15a3541065757551df4c564ddb7b3c9eadb673f45fffbd31f0b94f3e70b6b2c32790102ae9f7fbf00d93425a162a784a2a3bebc7e1f6af8b5f278341c0ffb240a36ce29924601f6d9562f305d851304de95240920b80ebb605a1aa3173d7e7c0bca7cf19da56fc7c0b0fb027b5df7ba9213a1834111be5253d506e74609482c469298f624ef9cdcfcf0c63d8842bfb583de0b7b9ebd4bee5db2c7c21f3f825fdec13aff8b9ffee08ce7c99c28e75a96ae1a6ba8af76df1f6ff75be9686b341cf662f2bcd0147819f5c4fa22bbc23505449a2c03c7958af41ec7e4ff5b38753efe16121c3d5e3d7d12b4c9085dc975a3750289c4724db5d40a2f8124691921812413dbb43bf5ecb71fd20f115d63aa8085de1c78b19086582895e9db73effcf87717d64e999e3911a549ded7b27eaeb778addd33e3ed415a196f6f8d87bd7edbd764ec9b95938f58db1ad315a070b03e52cd754143f30b260e2fdea296f9c9f796fe9739fefcf2dfcffbfd3e4dba9a04937401d20b22a5d98024b5a6c248ca3a9f80c4978864b97efa2cbde3f7dab50bf43e6bac8f3e62755604304d63ecfb8c1f3fdbbddbc93c2dcff22ccbb5d4bafba263d86e30f6bdc120e587dbdb83611f59eb4ba240f50514af3fd81a9077a8e27851e4116b40a1478236b28ca18e06df2001c6c357cf7163f0df25dd48729c631059a8d4a0498b932322e1f4660251fc89ada588e1e5cedb3fb9f9fb5f5dbd7aa1a0b9fcb3cbc5bbae2f5ebcf8ee2f09e3e3675f6e6c6cec66a7f2c924a795e5b6d1d95cabb7441f16ecf7521943e2f688be34734a93ac62329471ec530c40141e59802243a1486001888fe8db1aec7d8d84ceb30f5f3d257de3c04b4cc6c1407abdf5aec3976bacb844274208741da3d205096eafd62292657dedd2c92ccfcf9dbe74fa87b71f3da257b92ed36b90c56fba02c5fefefec6fce0e4a993f924b7ed344db34cd5afac2e1b65298eddb6a74ed8843fea8304fb26129eea2be80d46bdc0d7601e81e78182b90c5e010b62d92394f1687c444210a0f8f5f3bd1ee44055018371b81103090804b56559aa20172451ab26254924e20e1724e8f4cb0f4a77eaf57a696d6fbe31df5dac2fe77382200e5c1c9db9730abce5149137c95bfab993f592cafbb1ebbb1634196c6da17d051ef68db0e278120528234c9626cc832b240a2e6b1233bfe963ec47e3ef83041090e2af7f7ffa7cafdf831ac481b2721d191c0e4030f30044241090344e2c48ba82259a8953cefcbc85c963b958976e5cbf53d75b20d9d9d8d9ffda02c77cf7706fb5545f25974cb0993c35f24c47124b812bd986128f098526162a26c11650481005de1e0fd9144314c0a1b609144591992c58fecad26f5ebefce7b3472f9053313c8eb45ad84356c2502645da604b8e41905c508a91285659ea8ae52c90d3b505c9833bf76edebcaeebe9deee7ce31b6b3e9fed1ec6a74acb16c93191905e99752e475351735fe66b8642471fa08c4914d3e505db2ef20b371d39e5c3f4444262e1b226c940d1a099ef6bd2cad23f700fe27580b429730316578e2c87e10284a2389142165b20a9954322014a849eec769b82129b594b5f90bc77e3facdf73bfa9a77387b0305e586359bee81a464d9e477d82553cfe52da364d892d2b42c1e0d6f88f11d5105124a62dba6fe482915f78f442112e104ab2f85cd966031cd9525181c3ac03780a04ed78d1c05a12d8ac720eb49a4089502046d515e907413c192a3b2288d0294d7f242931b673ff8604dd75763a060bda9ca6cda5e037469cdceb0f2dc4eb33c55ebf5145fa1a50a9812e31e0e41cc29c85dc12e3729bf3036d28da6445ba070ccf4d8a78cae4f6659597a1e073e6e709775397ce2c86195164a103309132992398a2d804012fe882459e70d4e11646de0f10bcb03e5fafb7fb8d7d175dd2492c5fe77f0b1b3bfb34320071993af9e329009979ec3e1d328b5ec8ac0575c9757cc20267fd3dd65562917ad1e7330487c3690b185ab2e064b1efb8428417b65e94984a57589a21b458e138a559eaf5643f81a9b259522a7ca628b49d254c0818f048f8506baa43bf1781e465938fecea767dfabebba911fcce63b476b9f3808647618a885a53a0099c02de9c453ca6a5d6dd826579302cf15e99515ea03ed36db38653150bc62a467f5253051a83db2e2010a1e5f59ba8a39177b4e08081c00a185d2920a10a824361b2a033992c461ad31712c0bb7d1cea5dc6e1d8717ddf03ad22b9e22be161c6c6dccefcf0e87b65e62cfacb71849966ef63daea1ab35c913aca617c79ec4e11c47191a331432382f472ca0987978c2a0f2c20ca6a0e18ba8339c3089c471ba8b6e0e9757ab1004a30d9be30bdb844285e4b048124171169a4042a9663424c5ce5ffcc54e8dd720a552a95e8728f7378e45d9218bec1e1eec4d90d70533a1e4599a4e7a3d4950f546620a464d42e2b71163ae4f59caca898e26c580cf1a3adae36b1260f26c78911597914428208781408d137c156667200929e5845c853aa26518c792309f48aed8305499b7f3bb2fcea46ae93508aa4b37d4f6f4fefc28b466bbc038188d4cd456e92b28596a6ff6469e5c311abe661b960851c82112afd0ab2ba82793120af30959851db3249a249b34b2283209462832cec76f8124a2fbce16e3a8860c848e205daa371eb5451c00a970a2e32c50d0612a8d5a4d14904257b2d69b24ba61ef1deece766780d83d2cd6b497eaa56392e50ecb2fb337085cb1acca52d330049f29e18185b3396a8aa8278d1deb8b03230e2774e8a239065e67474b9e3e537890903f8e408ad40a1731cb8c5345270188ae93ddaba12315f2f1cd7253a808cd6639cdf83c6f595f25a9134b471b1d60fbe0a091653a9b4e0f260655ded133210ad6e618249ea6a6b26de8158dda178d5268835c6a23a0d02e2003eefb110a598791d084cfca8b5ebee0de5aba1d458c21641ff449e8b8a82d160000a14e42200640f8b050243c514686f18d1a27371b0d3bcbafa4af490a9f00c51e4e67afd7743a0d900b78e8e8990f3a29dac96434f0cc9e67ab5cd9a83724af20a10ee16b8add4019b0b85568c0a7a5111713451441c2fa0b50a0c96de70880fd1d560b93141c61952b1720ba5ac1481d868cae59e1a3482eab355ee218c9247f930428967978ffbf6d99cf6adc5614c66b0908ccbd92253196cd2021238f949912528361da0a0345dd8509d0d040573554a4a5ab00055ab05f20859095d761f206d97a93659fc0efd3ef3be75e8d52f726361e3396ee4fdff9ce9f3bba84e38e79abaaf62407b36ce8afe1f827576f9e24595de7550dab4b993e931e04ae88dbc172be4aa56e20b8ce185e743cf71f6ba10ce62134f9ed623e9f1ffbc51e85b1b571992ca0494ac656dd0548051709c3cd5c6c36aba06850f05775310437377f0fd5347955b29089dfbfff4759105b673c80c8272407f9b2bffcf8fd97e7bf9f1fad90e8f3bc4ece58371845677ead82a1b62d68568a4251628ef94cc0d24eb27b891e7df1cb4310cd631e045e2ff3b2300ccd79d4596b8e899a5a5413b4d7715147717af36a397b40920f579fde7b90bbe7bd28352d3cb3b2bf3e3c3ffffd0d5a4398b1ca2d4f86be74d63e721d159c1118d2b03339dc48e3184b430c14a1305842420687e3485c02083a4b4590b6480277dbbab6f363495dbc354882c490e4fad5e5ed4e773766afbcca3fde3b144872538a7ba62434fdd1f3ab0fe7c8f4b851555af1b523d910454dbe42b2afebc14602431211251492b66d3d892cafc93e8b2145981a1e214953d4b6eef1ad634678bc394cbaac2409266b6bc2346c5f2dbc49669e24cf8be7779f1cc9f33e7f48b25bb78757efce8f028326a2aa1a238395a45e3e7e262e2191162b920709658424f024e8fcd19d81e4f5fc018a461a42c9d8a241d612962c23c7fc58491e23b848820b05011e553ab4df2da7244c12d8f9e1bda04092a4d1e4acd5c4379cebd39b5f3f3c49f1c48aaccab3769fa1746d9c35382032a6f0386bd306a14e8e3c9f40a820beda6e42b277cbb1be86278a4c76041a541338856fd24c1c40adcca26d3006711aa651767ab91d494494f5725bd56fee54134a82cb94daacb8e2b89b2d4f5b742401ec5e67b3bc8884442559c992833abe20498a5208c7f47d6d4da4240c33362f11493afc9ba2e0a710ff6012e4ad5cacdb64bd6d0932a76aa88e495780c430488d45f700e3af2f4faa9d67c1df7cfbf2e5374fcb9f94e47ed5b0ee374ae20bfdae5a9c0e69985acc3e16530aea13139448c2bd27724c77a824928913742e88f9a228044654d1790524dd4832f7e6c796d14d1b01c13df3a6180c358cbc26496c8484d16590f0bb2019b68befd607b35195f5dbb72f9ebddc9a7722c99565712de57aee1d521b4fda1a77e2c1a6999088c765eb724ab7e237bc4603cf062592bdf5059491038a301c49b884239c8b3f6419092d825428ef96247c9792a4a1c91c8931b6b7619704597379321bd7eeab3f5e9cbefcf36923a2dcfd9c89244d3ebe41dcb23e6d87404e084c9bf18c6525e7bece1731579aa8362b798d0e4bf22e36630586312fe5d19138414492009274b448e6ee9b23b48c71bc62785c4e1a7d5c059aa091ec2073df2c2e6ff7243f3c8326cf96a5a153ee5b294a125c7b925db53c69871626c1b81015f9ac092624298f1ba5bb5269042d95cf1f6421f902067f8a14001a25d963882491046291e97d115bb59990f0b8229691a5a0e3235cafe8c3b8ed9becebed5e94db1fff7afbf6c76dd91cdda3e3ca7c70555392db453b0c862704360c783011d1e19b29089d200621ca317f8c39464213635847066e9519407de22d1293838662c62d1ab92b626b9444927072811e3aaa1d0945c1c56c1a0c4d7fb2f62620cad36f9f72a2ef7fc5f02ef5b5d4681dfb7ada6418860cb7eb4224c33c37ab8d2ae24902a78ada25750d0a76c24ca32c8c09940892a8206291902504bfc69b7061d91625b1464471a9ebe2220d10124dc60e864e19fa226bafdbac5f2c66d395eba0f2f8febcd701a7ac3e2399ad49d26705071fc46b99d7131241f124178e442a09042181916d01c758c0f87ac26e056ac8591038f0134d72209214bdb5d6686c89262cb712dc8ec482a46fdb65df9fee7dc00998de4017fd53c89ea7f91f9245db4312443a9f21aa70961c9ded3589dd48a8e1c5e55a5fe619a44c8a3298812caec68b22f34e3198a60092e5da406152649362ad4a0292f402d5482350f3462bf20ed0243bbddd475745874b44f5323ce32bcfa799eba05a43913eeb39840492f49bd891241a5d81abe4b1246019e93d0a38ac42a834ecbba4a40b87c6119ebe294a76e933d6c442cb9003890112f342fcad91a37354147e183164d064bbf395b12209832aaf948883e767921c544b4832f4b63631ba5d098808d564e348b425919657c64216183d14561207225f8305c9b1e3280ab503ff8b491c482ffe77b145167aced0e6a2095fb0190049dd2fb65a19b5a997dd73b6119334fbcce50f2c97adbd8eb1a720455ac74298adb4c0273eba54159f8dfd6f98fb27287c25241d1fb0c7e0978b2d8250125a4748242bf06a9ab04612c69a92ac0f269ae4bafdfcbf2033ed2077db656bd2c4b09706097487f2e9114f53bce365880adc6726f148223d12971ade9330e66b09299f0e9880195b98dd2989c8d5a15309fd5212d7f94878818bd1b5588eddb00b2f449493a4ac84241f75d96d17ad09035c254ed2a8a6eed8f0215b15ed7cb5a51a3f6888bd4aac257b92c193bcb6d8a674bec62dc48a4a2220ac3cc8b7204153e99496c9a51e49105e4041121aa88957855da4b8dcbbe421093441afd2f19427b2ac4eb020472907e23509a4b1926e513e75e038028a61b0c6ba4c6c86475fbc280cc75c21114a8088dd615482d48cae5a321726ff60d48441ed4954eb0ca26c27330aa393831abbe07cf4fb3ec24862a14580bc84a601fd2002280c57a3248e2472a7f3daf86a38337339a7481e36f6d1bf7ffdff7132ca5f160000000049454e44ae426082);

-- --------------------------------------------------------

--
-- Table structure for table `ranking_system`
--

CREATE TABLE `ranking_system` (
  `rank_id` int NOT NULL,
  `contestant_id` int NOT NULL,
  `criteria101` float NOT NULL,
  `criteria102` float NOT NULL,
  `criteria103` float NOT NULL,
  `criteria104` float NOT NULL,
  `comment_text` text,
  `total_score` float NOT NULL,
  `created_at` timestamp NULL DEFAULT CURRENT_TIMESTAMP,
  `archive` tinyint NOT NULL DEFAULT '0',
  `cofullname` varchar(255) CHARACTER SET utf8mb4 COLLATE utf8mb4_0900_ai_ci DEFAULT NULL
) ENGINE=InnoDB DEFAULT CHARSET=utf8mb4 COLLATE=utf8mb4_0900_ai_ci;

--
-- Dumping data for table `ranking_system`
--

INSERT INTO `ranking_system` (`rank_id`, `contestant_id`, `criteria101`, `criteria102`, `criteria103`, `criteria104`, `comment_text`, `total_score`, `created_at`, `archive`, `cofullname`) VALUES
(16, 2, 10, 30, 20, 40, 'Hahahaha', 30, '2024-06-24 14:12:19', 1, NULL),
(18, 3, 10, 29, 19, 39, 'Hahahaha', 29.1, '2024-06-24 14:19:14', 1, NULL),
(20, 4, 10, 30, 20, 40, 'Hahahahaah', 30, '2024-06-28 02:01:45', 1, NULL),
(21, 3, 8.9, 15.5, 25.5, 35.5, 'Hahahahaha', 24.84, '2024-06-29 01:36:48', 1, NULL),
(22, 3, 25, 25, 25, 25, 'None', 25, '2024-07-04 06:26:49', 0, NULL),
(23, 3, 25, 25, 25, 25, 'Haaahah', 25, '2024-07-04 06:26:51', 0, NULL),
(24, 3, 20, 20, 20, 20, 'Hfnfnfnf', 20, '2024-07-04 06:29:09', 0, NULL),
(25, 3, 20, 20, 15, 16, 'Hdhdhdb', 17.4, '2024-07-04 06:29:45', 0, NULL),
(26, 1, 22, 12, 19, 20, 'Jdjxnxn', 17.6, '2024-07-04 06:30:18', 0, NULL),
(27, 3, 25, 25, 20, 20, 'Jdjdjdj', 22, '2024-07-04 06:30:38', 0, NULL),
(28, 3, 20, 20, 25, 20, 'Hsnxhx', 21, '2024-07-04 06:30:55', 0, NULL),
(29, 3, 0, 0, 0, 0, '', 0, '2024-07-04 06:31:34', 0, NULL),
(30, 3, 0, 0, 0, 0, '', 0, '2024-07-04 06:32:15', 0, NULL),
(31, 3, 0, 0, 0, 0, '', 0, '2024-07-04 06:32:30', 0, NULL),
(32, 3, 20, 20, 20, 20, 'Sup', 20, '2024-07-04 06:32:40', 0, NULL),
(33, 3, 50, 100, 500, 0, '', 135, '2024-07-04 06:33:11', 0, NULL),
(34, 3, 0, 0, 0, 0, '', 0, '2024-07-04 06:33:12', 0, NULL),
(35, 3, 56, 63, 53, 650, '', 295.1, '2024-07-04 06:33:54', 0, NULL),
(36, 3, 30, 25, 35, 40, '', 33.5, '2024-07-04 06:34:15', 0, NULL),
(37, 1, 25, 40, 55, 38, '', 40.7, '2024-07-04 06:34:46', 0, NULL),
(38, 3, 55, 45, 60, 65, '', 57, '2024-07-04 06:35:18', 0, NULL),
(39, 3, 55, 65, 70, 85, '', 73, '2024-07-04 06:35:47', 0, NULL),
(40, 3, 75, 25, 60, 55, '', 49, '2024-07-04 06:36:13', 0, NULL);

--
-- Indexes for dumped tables
--

--
-- Indexes for table `add_contestant`
--
ALTER TABLE `add_contestant`
  ADD PRIMARY KEY (`contestant_id`),
  ADD KEY `idx_contestant_fullname` (`contestant_fullname`);

--
-- Indexes for table `add_criteria`
--
ALTER TABLE `add_criteria`
  ADD PRIMARY KEY (`criteria_id`),
  ADD KEY `fk_event_id` (`event_id`),
  ADD KEY `fk_category_criteria` (`category_id`);

--
-- Indexes for table `add_events`
--
ALTER TABLE `add_events`
  ADD PRIMARY KEY (`event_id`) USING BTREE;

--
-- Indexes for table `add_guest`
--
ALTER TABLE `add_guest`
  ADD PRIMARY KEY (`guest_id`);

--
-- Indexes for table `add_judges`
--
ALTER TABLE `add_judges`
  ADD PRIMARY KEY (`judges_id`);

--
-- Indexes for table `assign_judges`
--
ALTER TABLE `assign_judges`
  ADD PRIMARY KEY (`assign_id`),
  ADD KEY `judges_id` (`judges_id`),
  ADD KEY `event_id` (`event_id`),
  ADD KEY `criteria_id` (`criteria_id`);

--
-- Indexes for table `categories`
--
ALTER TABLE `categories`
  ADD PRIMARY KEY (`category_id`),
  ADD KEY `fk_categories_event_id` (`event_id`);

--
-- Indexes for table `organizer`
--
ALTER TABLE `organizer`
  ADD PRIMARY KEY (`organizer_id`);

--
-- Indexes for table `ranking_system`
--
ALTER TABLE `ranking_system`
  ADD PRIMARY KEY (`rank_id`),
  ADD KEY `contestant_id` (`contestant_id`),
  ADD KEY `FK_contestant_fullname` (`cofullname`);

--
-- AUTO_INCREMENT for dumped tables
--

--
-- AUTO_INCREMENT for table `add_contestant`
--
ALTER TABLE `add_contestant`
  MODIFY `contestant_id` int NOT NULL AUTO_INCREMENT, AUTO_INCREMENT=10;

--
-- AUTO_INCREMENT for table `add_criteria`
--
ALTER TABLE `add_criteria`
  MODIFY `criteria_id` int NOT NULL AUTO_INCREMENT, AUTO_INCREMENT=38;

--
-- AUTO_INCREMENT for table `add_events`
--
ALTER TABLE `add_events`
  MODIFY `event_id` int NOT NULL AUTO_INCREMENT, AUTO_INCREMENT=15;

--
-- AUTO_INCREMENT for table `add_guest`
--
ALTER TABLE `add_guest`
  MODIFY `guest_id` int NOT NULL AUTO_INCREMENT, AUTO_INCREMENT=2;

--
-- AUTO_INCREMENT for table `add_judges`
--
ALTER TABLE `add_judges`
  MODIFY `judges_id` int NOT NULL AUTO_INCREMENT, AUTO_INCREMENT=21;

--
-- AUTO_INCREMENT for table `assign_judges`
--
ALTER TABLE `assign_judges`
  MODIFY `assign_id` int NOT NULL AUTO_INCREMENT, AUTO_INCREMENT=5;

--
-- AUTO_INCREMENT for table `categories`
--
ALTER TABLE `categories`
  MODIFY `category_id` int NOT NULL AUTO_INCREMENT, AUTO_INCREMENT=18;

--
-- AUTO_INCREMENT for table `organizer`
--
ALTER TABLE `organizer`
  MODIFY `organizer_id` int NOT NULL AUTO_INCREMENT, AUTO_INCREMENT=6;

--
-- AUTO_INCREMENT for table `ranking_system`
--
ALTER TABLE `ranking_system`
  MODIFY `rank_id` int NOT NULL AUTO_INCREMENT, AUTO_INCREMENT=41;

--
-- Constraints for dumped tables
--

--
-- Constraints for table `add_criteria`
--
ALTER TABLE `add_criteria`
  ADD CONSTRAINT `fk_category_criteria` FOREIGN KEY (`category_id`) REFERENCES `categories` (`category_id`),
  ADD CONSTRAINT `fk_event_id` FOREIGN KEY (`event_id`) REFERENCES `add_events` (`event_id`);

--
-- Constraints for table `categories`
--
ALTER TABLE `categories`
  ADD CONSTRAINT `fk_categories_event_id` FOREIGN KEY (`event_id`) REFERENCES `add_events` (`event_id`) ON DELETE CASCADE ON UPDATE CASCADE;
COMMIT;

/*!40101 SET CHARACTER_SET_CLIENT=@OLD_CHARACTER_SET_CLIENT */;
/*!40101 SET CHARACTER_SET_RESULTS=@OLD_CHARACTER_SET_RESULTS */;
/*!40101 SET COLLATION_CONNECTION=@OLD_COLLATION_CONNECTION */;
